solid OpenSCAD_Model
  facet normal 0 0 -1
    outer loop
      vertex 35.136206947267056 -96.7577841207385 -2.5
      vertex 39.22681839764118 -91.88282668590546 -2.5
      vertex 44.10172722488642 -95.97363066673279 -2.5
    endloop
  endfacet
  facet normal 0.08713060851501724 -0.9961968967326704 -1.4556666240518222e-15
    outer loop
      vertex 35.136206947267056 -96.7577841207385 -2.5
      vertex 44.10172722488642 -95.97363066673279 -2.5
      vertex 38.124608072615786 -96.49640887514941 -0.5
    endloop
  endfacet
  facet normal 0 0 -1
    outer loop
      vertex 44.55780193209648 -101.19163309037685 -2.5
      vertex 44.10172722488642 -95.97363066673279 -2.5
      vertex 48.64883340895176 -96.31629282236099 -2.5
    endloop
  endfacet
  facet normal 0 0 -1
    outer loop
      vertex 44.10172722488642 -95.97363066673279 -2.5
      vertex 39.22681839764118 -91.88282668590546 -2.5
      vertex 48.1927887275815 -91.0986338853836 -2.5
    endloop
  endfacet
  facet normal 0 0 -1
    outer loop
      vertex 44.55780193209648 -101.19163309037685 -2.5
      vertex 48.64883340895176 -96.31629282236099 -2.5
      vertex 54.52006475627422 -100.31953224539757 -2.5
    endloop
  endfacet
  facet normal 0 0 -1
    outer loop
      vertex 44.10172722488642 -95.97363066673279 -2.5
      vertex 48.1927887275815 -91.0986338853836 -2.5
      vertex 48.64883340895176 -96.31629282236099 -2.5
    endloop
  endfacet
  facet normal -0.9962020104793503 -0.08707212135293532 0
    outer loop
      vertex 44.55780193209648 -101.19163309037685 -2.5
      vertex 44.55780193209648 -101.19163309037685 -0.5
      vertex 44.10172722488642 -95.97363066673279 -2.5
    endloop
  endfacet
  facet normal 0.08720692746293536 -0.9961902186844008 0
    outer loop
      vertex 44.55780193209648 -101.19163309037685 -2.5
      vertex 54.52006475627422 -100.31953224539757 -2.5
      vertex 44.55780193209648 -101.19163309037685 -0.5
    endloop
  endfacet
  facet normal 0.9962020105406828 0.08707212065122481 0
    outer loop
      vertex 48.64883340895176 -96.31629282236099 -2.5
      vertex 48.1927887275815 -91.0986338853836 -2.5
      vertex 48.64883340895176 -96.31629282236099 0.5
    endloop
  endfacet
  facet normal 0.08712721435905993 -0.996197193590722 0
    outer loop
      vertex 35.136206947267056 -96.7577841207385 -2.5
      vertex 35.136206949034886 -96.75778412058389 -0.5
      vertex 35.136206947267056 -96.7577841207385 0.5
    endloop
  endfacet
  facet normal 0.08713060851501828 -0.9961968967326703 -3.023095138278544e-15
    outer loop
      vertex 35.136206947267056 -96.7577841207385 -2.5
      vertex 38.124608072615786 -96.49640887514941 -0.5
      vertex 35.136206949034886 -96.75778412058389 -0.5
    endloop
  endfacet
  facet normal 0.08713060851501774 -0.9961968967326704 0
    outer loop
      vertex 44.10172722488642 -95.97363066673279 -2.5
      vertex 38.124608072615786 -96.49640887514941 0.5
      vertex 38.124608072615786 -96.49640887514941 -0.5
    endloop
  endfacet
  facet normal -0.9961932642620337 -0.08717212994388769 0
    outer loop
      vertex 35.136211417615414 -96.75783518701792 -0.5
      vertex 35.136206949034886 -96.75778412058389 0.5
      vertex 35.136206949034886 -96.75778412058389 -0.5
    endloop
  endfacet
  facet normal 0 0 -1
    outer loop
      vertex 35.136211417615414 -96.75783518701792 -0.5
      vertex 35.136206949034886 -96.75778412058389 -0.5
      vertex 38.124608072615786 -96.49640887514941 -0.5
    endloop
  endfacet
  facet normal 0.08714763178882434 -0.9961954076754216 0
    outer loop
      vertex 35.136211417615414 -96.75783518701792 -0.5
      vertex 38.124608072615786 -96.49640887514941 -0.5
      vertex 38.124608072615786 -96.49640887514941 0.5
    endloop
  endfacet
  facet normal -0.9962020104793503 -0.08707212135293532 0
    outer loop
      vertex 44.10172722488642 -95.97363066673279 -2.5
      vertex 44.55780193209648 -101.19163309037685 -0.5
      vertex 44.10172722488642 -95.97363066673279 -0.5
    endloop
  endfacet
  facet normal 0.08713060851501774 -0.9961968967326704 0
    outer loop
      vertex 44.10172722488642 -95.97363066673279 -2.5
      vertex 44.10172722488642 -95.97363066673279 -0.5
      vertex 38.124608072615786 -96.49640887514941 0.5
    endloop
  endfacet
  facet normal 0.08720692746293536 -0.9961902186844008 0
    outer loop
      vertex 54.52006475627422 -100.31953224539757 -2.5
      vertex 44.55780193209648 -101.19163309037685 0.5
      vertex 44.55780193209648 -101.19163309037685 -0.5
    endloop
  endfacet
  facet normal 0.08720692746293625 -0.9961902186844007 2.9791560402393274e-15
    outer loop
      vertex 54.52006475627422 -100.31953224539757 -2.5
      vertex 54.520064748880294 -100.31953224604483 -0.5
      vertex 44.55780193209648 -101.19163309037685 0.5
    endloop
  endfacet
  facet normal -0.9962020104793503 -0.08707212135293532 0
    outer loop
      vertex 44.10172722488642 -95.97363066673279 -0.5
      vertex 44.55780193209648 -101.19163309037685 -0.5
      vertex 44.10172722488642 -95.97363066673279 0.5
    endloop
  endfacet
  facet normal 0 0 -1
    outer loop
      vertex 55.2140244692564 -108.2485372275114 -2.5
      vertex 54.52006475627422 -100.31953224539757 -2.5
      vertex 59.3996429592371 -104.45994697511196 -2.5
    endloop
  endfacet
  facet normal 0 0 -1
    outer loop
      vertex 55.2140244692564 -108.2485372275114 -2.5
      vertex 59.3996429592371 -104.45994697511196 -2.5
      vertex 59.47897629439831 -105.01477491110563 -2.5
    endloop
  endfacet
  facet normal 0 0 -1
    outer loop
      vertex 59.47897629439831 -105.01477491110563 -2.5
      vertex 59.3996429592371 -104.45994697511196 -2.5
      vertex 59.43020132929087 -104.45727361738682 -2.5
    endloop
  endfacet
  facet normal -0.9961918431990437 -0.087188368167388 0
    outer loop
      vertex 55.2140244692564 -108.2485372275114 -2.5
      vertex 55.2140244692564 -108.2485372275114 -0.5
      vertex 54.52006475627422 -100.31953224539757 -2.5
    endloop
  endfacet
  facet normal 0.9961947101921361 0.08715560443945006 0
    outer loop
      vertex 59.47897629439831 -105.01477491110563 -2.5
      vertex 59.43020132929087 -104.45727361738682 -2.5
      vertex 59.47897629439831 -105.01477491110563 0.5
    endloop
  endfacet
  facet normal -0.08715078541929433 0.9961951317893498 0
    outer loop
      vertex 59.43020132929087 -104.45727361738682 -2.5
      vertex 59.3996429592371 -104.45994697511196 -2.5
      vertex 59.43020132929087 -104.45727361738682 0.5
    endloop
  endfacet
  facet normal 0 0 -1
    outer loop
      vertex 48.64883340895176 -96.31629282236099 -2.5
      vertex 58.61057309061289 -95.44423778355122 -2.5
      vertex 54.52006475627422 -100.31953224539757 -2.5
    endloop
  endfacet
  facet normal 0 0 -1
    outer loop
      vertex 59.3996429592371 -104.45994697511196 -2.5
      vertex 54.52006475627422 -100.31953224539757 -2.5
      vertex 58.61057309061289 -95.44423778355122 -2.5
    endloop
  endfacet
  facet normal -0.08720692646607915 0.9961902187716661 0
    outer loop
      vertex 48.64883340895176 -96.31629282236099 -2.5
      vertex 58.61057309061289 -95.44423778355122 0.5
      vertex 58.61057309061289 -95.44423778355122 -2.5
    endloop
  endfacet
  facet normal 0.9961918432515129 0.08718836756788763 0
    outer loop
      vertex 59.3996429592371 -104.45994697511196 -2.5
      vertex 58.61057309061289 -95.44423778355122 -2.5
      vertex 59.3996429592371 -104.45994697511196 0.5
    endloop
  endfacet
  facet normal -0.9961918431990437 -0.087188368167388 0
    outer loop
      vertex 54.52006475627422 -100.31953224539757 -2.5
      vertex 55.2140244692564 -108.2485372275114 -0.5
      vertex 54.52006475627422 -100.31953224539757 -0.5
    endloop
  endfacet
  facet normal 0 0 -1
    outer loop
      vertex 55.04691671580076 -106.3392072468996 -0.5
      vertex 55.2140244692564 -108.2485372275114 -0.5
      vertex 55.204310052096844 -108.24499176442623 -0.5
    endloop
  endfacet
  facet normal 0 0 -1
    outer loop
      vertex 55.04691671580076 -106.3392072468996 -0.5
      vertex 54.520064748880294 -100.31953224604483 -0.5
      vertex 55.2140244692564 -108.2485372275114 -0.5
    endloop
  endfacet
  facet normal 0 0 -1
    outer loop
      vertex 54.520064748880294 -100.31953224604483 -0.5
      vertex 54.52006475627422 -100.31953224539757 -0.5
      vertex 55.2140244692564 -108.2485372275114 -0.5
    endloop
  endfacet
  facet normal -0.9961918433174026 -0.08718836681504794 0
    outer loop
      vertex 55.04691671580076 -106.3392072468996 -0.5
      vertex 54.520064748880294 -100.31953224604483 0.5
      vertex 54.520064748880294 -100.31953224604483 -0.5
    endloop
  endfacet
  facet normal 0.9961947101921361 0.08715560443945006 0
    outer loop
      vertex 59.43020132929087 -104.45727361738682 -2.5
      vertex 59.43020132929087 -104.45727361738682 0.5
      vertex 59.47897629439831 -105.01477491110563 0.5
    endloop
  endfacet
  facet normal -0.08715078541929433 0.9961951317893498 0
    outer loop
      vertex 59.3996429592371 -104.45994697511196 -2.5
      vertex 59.3996429592371 -104.45994697511196 0.5
      vertex 59.43020132929087 -104.45727361738682 0.5
    endloop
  endfacet
  facet normal 0.08720612775287227 -0.9961902886910461 0
    outer loop
      vertex 54.52006475627422 -100.31953224539757 -2.5
      vertex 54.52006475627422 -100.31953224539757 -0.5
      vertex 54.520064748880294 -100.31953224604483 -0.5
    endloop
  endfacet
  facet normal -0.08720692646607915 0.9961902187716661 0
    outer loop
      vertex 48.64883340895176 -96.31629282236099 -2.5
      vertex 48.64883340895176 -96.31629282236099 0.5
      vertex 58.61057309061289 -95.44423778355122 0.5
    endloop
  endfacet
  facet normal 0.9961918432515129 0.08718836756788763 0
    outer loop
      vertex 58.61057309061289 -95.44423778355122 -2.5
      vertex 58.61057309061289 -95.44423778355122 0.5
      vertex 59.3996429592371 -104.45994697511196 0.5
    endloop
  endfacet
  facet normal 0.08712721435905993 -0.996197193590722 0
    outer loop
      vertex 35.136206947267056 -96.7577841207385 0.5
      vertex 35.136206949034886 -96.75778412058389 -0.5
      vertex 35.136206949034886 -96.75778412058389 0.5
    endloop
  endfacet
  facet normal 0 0 1
    outer loop
      vertex 44.10172722488642 -95.97363066673279 0.5
      vertex 38.12478772550821 -96.49639315903187 0.5
      vertex 38.124608072615786 -96.49640887514941 0.5
    endloop
  endfacet
  facet normal 0.08713060851501774 -0.9961968967326704 0
    outer loop
      vertex 44.10172722488642 -95.97363066673279 -0.5
      vertex 44.10172722488642 -95.97363066673279 0.5
      vertex 38.124608072615786 -96.49640887514941 0.5
    endloop
  endfacet
  facet normal 0.08720692746293594 -0.9961902186844008 0
    outer loop
      vertex 54.520064748880294 -100.31953224604483 -0.5
      vertex 54.520064748880294 -100.31953224604483 0.5
      vertex 44.55780193209648 -101.19163309037685 0.5
    endloop
  endfacet
  facet normal 0 0 1
    outer loop
      vertex 54.52006474882364 -100.31953224539757 0.5
      vertex 44.55780193209648 -101.19163309037685 0.5
      vertex 54.520064748880294 -100.31953224604483 0.5
    endloop
  endfacet
  facet normal 0 0 1
    outer loop
      vertex 48.64883340895176 -96.31629282236099 0.5
      vertex 46.8291015625 -92.7236328125 0.5
      vertex 47.28515625 -97.94140625 0.5
    endloop
  endfacet
  facet normal 0 0 1
    outer loop
      vertex 48.64883340895176 -96.31629282236099 0.5
      vertex 48.1927887275815 -91.0986338853836 0.5
      vertex 46.8291015625 -92.7236328125 0.5
    endloop
  endfacet
  facet normal 0 0 1
    outer loop
      vertex 59.47897629439831 -105.01477491110563 0.5
      vertex 58.06664203852415 -106.08229187875986 0.5
      vertex 58.0678895637393 -106.09655117988586 0.5
    endloop
  endfacet
  facet normal 0 0 1
    outer loop
      vertex 58.0361328125 -106.0849609375 0.5
      vertex 58.06664203852415 -106.08229187875986 0.5
      vertex 57.2470703125 -97.0693359375 0.5
    endloop
  endfacet
  facet normal 0 0 1
    outer loop
      vertex 59.47897629439831 -105.01477491110563 0.5
      vertex 57.2470703125 -97.0693359375 0.5
      vertex 58.06664203852415 -106.08229187875986 0.5
    endloop
  endfacet
  facet normal 0 0 1
    outer loop
      vertex 59.47897629439831 -105.01477491110563 0.5
      vertex 59.3996429592371 -104.45994697511196 0.5
      vertex 57.2470703125 -97.0693359375 0.5
    endloop
  endfacet
  facet normal 0 0 1
    outer loop
      vertex 59.47897629439831 -105.01477491110563 0.5
      vertex 59.43020132929087 -104.45727361738682 0.5
      vertex 59.3996429592371 -104.45994697511196 0.5
    endloop
  endfacet
  facet normal 0 0 1
    outer loop
      vertex 48.64883340895176 -96.31629282236099 0.5
      vertex 47.28515625 -97.94140625 0.5
      vertex 58.61057309061289 -95.44423778355122 0.5
    endloop
  endfacet
  facet normal 0 0 1
    outer loop
      vertex 58.61057309061289 -95.44423778355122 0.5
      vertex 47.28515625 -97.94140625 0.5
      vertex 57.2470703125 -97.0693359375 0.5
    endloop
  endfacet
  facet normal 0 0 1
    outer loop
      vertex 59.3996429592371 -104.45994697511196 0.5
      vertex 58.61057309061289 -95.44423778355122 0.5
      vertex 57.2470703125 -97.0693359375 0.5
    endloop
  endfacet
  facet normal -0.9966070271183767 -0.08230694684090335 0
    outer loop
      vertex 55.04691671580076 -106.3392072468996 -0.5
      vertex 55.204310052096844 -108.24499176442623 -0.5
      vertex 55.04691671580076 -106.3392072468996 7.5
    endloop
  endfacet
  facet normal 0 0 -1
    outer loop
      vertex 55.2140244692564 -108.2485372275114 -2.5
      vertex 59.47897629439831 -105.01477491110563 -2.5
      vertex 114.70827685296535 -129.96212823688984 -2.5
    endloop
  endfacet
  facet normal -0.3428489521975719 -0.939390544968932 0
    outer loop
      vertex 55.2140244692564 -108.2485372275114 -2.5
      vertex 114.70827685296535 -129.96212823688984 -0.5
      vertex 55.2140244692564 -108.2485372275114 -0.5
    endloop
  endfacet
  facet normal 0 0 -1
    outer loop
      vertex 55.204310052096844 -108.24499176442623 -0.5
      vertex 55.2140244692564 -108.2485372275114 -0.5
      vertex 114.70827685296535 -129.96212823688984 -0.5
    endloop
  endfacet
  facet normal 0.342848952361937 0.9393905449089438 0
    outer loop
      vertex 59.47897629439831 -105.01477491110563 -2.5
      vertex 59.47897629439831 -105.01477491110563 0.5
      vertex 117.99937719851732 -126.37293978780508 0.5
    endloop
  endfacet
  facet normal 0 0 -1
    outer loop
      vertex 59.47897629439831 -105.01477491110563 -2.5
      vertex 117.99937719851732 -126.37293978780508 -2.5
      vertex 114.70827685296535 -129.96212823688984 -2.5
    endloop
  endfacet
  facet normal -0.3428489521975719 -0.939390544968932 0
    outer loop
      vertex 55.2140244692564 -108.2485372275114 -2.5
      vertex 114.70827685296535 -129.96212823688984 -2.5
      vertex 114.70827685296535 -129.96212823688984 -0.5
    endloop
  endfacet
  facet normal 0.342848952361937 0.9393905449089438 0
    outer loop
      vertex 59.47897629439831 -105.01477491110563 -2.5
      vertex 117.99937719851732 -126.37293978780508 0.5
      vertex 117.99937719851732 -126.37293978780508 -2.5
    endloop
  endfacet
  facet normal 0 0 1
    outer loop
      vertex 59.47897629439831 -105.01477491110563 0.5
      vertex 58.0678895637393 -106.09655117988586 0.5
      vertex 117.99937719851732 -126.37293978780508 0.5
    endloop
  endfacet
  facet normal -0.34284895214945366 -0.9393905449864937 0
    outer loop
      vertex 55.204310052096844 -108.24499176442623 -0.5
      vertex 114.70827685296535 -129.96212823688984 -0.5
      vertex 55.204310052096844 -108.24499176442623 7.5
    endloop
  endfacet
  facet normal 0 0 1
    outer loop
      vertex 117.99937719851732 -126.37293978780508 0.5
      vertex 58.0678895637393 -106.09655117988586 0.5
      vertex 116.90234375 -127.5693359375 0.5
    endloop
  endfacet
  facet normal -0.9961932642620337 -0.08717212994388769 0
    outer loop
      vertex 35.136211417615414 -96.75783518701792 -0.5
      vertex 35.136211417615414 -96.75783518701792 7.5
      vertex 35.136206949034886 -96.75778412058389 0.5
    endloop
  endfacet
  facet normal 0.08714763178882434 -0.9961954076754216 0
    outer loop
      vertex 35.136211417615414 -96.75783518701792 -0.5
      vertex 38.124608072615786 -96.49640887514941 0.5
      vertex 35.136211417615414 -96.75783518701792 7.5
    endloop
  endfacet
  facet normal 0.08714763182139323 -0.9961954076725725 0
    outer loop
      vertex 38.12478772550821 -96.49639315903187 7.5
      vertex 38.124608072615786 -96.49640887514941 0.5
      vertex 38.12478772550821 -96.49639315903187 0.5
    endloop
  endfacet
  facet normal 0.08713060800333561 -0.9961968967774237 0
    outer loop
      vertex 38.12478772550821 -96.49639315903187 7.5
      vertex 38.12478772550821 -96.49639315903187 0.5
      vertex 44.10172722488642 -95.97363066673279 0.5
    endloop
  endfacet
  facet normal -0.9962020104793503 -0.08707212135293532 0
    outer loop
      vertex 44.10172722488642 -95.97363066673279 7.5
      vertex 44.55780193209648 -101.19163309037685 -0.5
      vertex 44.55780193209648 -101.19163309037685 0.5
    endloop
  endfacet
  facet normal -0.9962020104793503 -0.08707212135293532 0
    outer loop
      vertex 44.10172722488642 -95.97363066673279 7.5
      vertex 44.10172722488642 -95.97363066673279 0.5
      vertex 44.55780193209648 -101.19163309037685 -0.5
    endloop
  endfacet
  facet normal -0.08713060757459784 0.9961968968149225 0
    outer loop
      vertex 46.8291015625 -92.7236328125 7.5
      vertex 46.8291015625 -92.7236328125 0.5
      vertex 37.86328125 -93.5078125 0.5
    endloop
  endfacet
  facet normal 0.0872069275276597 -0.9961902186787348 0
    outer loop
      vertex 44.55780193209648 -101.19163309037685 7.5
      vertex 44.55780193209648 -101.19163309037685 0.5
      vertex 54.52006474882364 -100.31953224539757 0.5
    endloop
  endfacet
  facet normal 0.9962020105685574 0.087072120332307 0
    outer loop
      vertex 47.28515625 -97.94140625 7.5
      vertex 47.28515625 -97.94140625 0.5
      vertex 46.8291015625 -92.7236328125 0.5
    endloop
  endfacet
  facet normal -0.9961918433174027 -0.0871883668150479 -3.0446692142384276e-16
    outer loop
      vertex 55.04691671580076 -106.3392072468996 -0.5
      vertex 54.52006474882364 -100.31953224539757 7.5
      vertex 54.520064748880294 -100.31953224604483 0.5
    endloop
  endfacet
  facet normal 0.9961947101212505 0.08715560524967836 0
    outer loop
      vertex 58.0678895637393 -106.09655117988586 7.5
      vertex 58.0678895637393 -106.09655117988586 0.5
      vertex 58.06664203852415 -106.08229187875986 0.5
    endloop
  endfacet
  facet normal -0.0871507955955807 0.9961951308990911 0
    outer loop
      vertex 58.06664203852415 -106.08229187875986 7.5
      vertex 58.06664203852415 -106.08229187875986 0.5
      vertex 58.0361328125 -106.0849609375 0.5
    endloop
  endfacet
  facet normal 0.9961918432518847 0.08718836756363982 0
    outer loop
      vertex 58.0361328125 -106.0849609375 7.5
      vertex 58.0361328125 -106.0849609375 0.5
      vertex 57.2470703125 -97.0693359375 0.5
    endloop
  endfacet
  facet normal -0.9961915568102143 -0.0871916403105346 0
    outer loop
      vertex 54.52006474882364 -100.31953224539757 7.5
      vertex 54.52006474882364 -100.31953224539757 0.5
      vertex 54.520064748880294 -100.31953224604483 0.5
    endloop
  endfacet
  facet normal -0.0872069272913035 0.9961902186994256 0
    outer loop
      vertex 57.2470703125 -97.0693359375 7.5
      vertex 57.2470703125 -97.0693359375 0.5
      vertex 47.28515625 -97.94140625 0.5
    endloop
  endfacet
  facet normal -0.9966070271183767 -0.08230694684090335 0
    outer loop
      vertex 55.204310052096844 -108.24499176442623 -0.5
      vertex 55.204310052096844 -108.24499176442623 7.5
      vertex 55.04691671580076 -106.3392072468996 7.5
    endloop
  endfacet
  facet normal -0.9961918433174026 -0.0871883668150483 0
    outer loop
      vertex 55.04691671580076 -106.3392072468996 -0.5
      vertex 55.04691671580076 -106.3392072468996 7.5
      vertex 54.52006474882364 -100.31953224539757 7.5
    endloop
  endfacet
  facet normal 0.0871476317888263 -0.9961954076754214 8.406002217619724e-16
    outer loop
      vertex 35.136211417615414 -96.75783518701792 7.5
      vertex 38.124608072615786 -96.49640887514941 0.5
      vertex 38.12478772550821 -96.49639315903187 7.5
    endloop
  endfacet
  facet normal -0.08713060757459784 0.9961968968149225 0
    outer loop
      vertex 37.86328125 -93.5078125 7.5
      vertex 46.8291015625 -92.7236328125 7.5
      vertex 37.86328125 -93.5078125 0.5
    endloop
  endfacet
  facet normal -0.9962020104793503 -0.08707212135293532 0
    outer loop
      vertex 44.55780193209648 -101.19163309037685 7.5
      vertex 44.10172722488642 -95.97363066673279 7.5
      vertex 44.55780193209648 -101.19163309037685 0.5
    endloop
  endfacet
  facet normal 0.08713060800333561 -0.9961968967774237 0
    outer loop
      vertex 38.12478772550821 -96.49639315903187 7.5
      vertex 44.10172722488642 -95.97363066673279 0.5
      vertex 44.10172722488642 -95.97363066673279 7.5
    endloop
  endfacet
  facet normal 0.0872069275276597 -0.9961902186787348 0
    outer loop
      vertex 44.55780193209648 -101.19163309037685 7.5
      vertex 54.52006474882364 -100.31953224539757 0.5
      vertex 54.52006474882364 -100.31953224539757 7.5
    endloop
  endfacet
  facet normal -0.0872069272913035 0.9961902186994256 0
    outer loop
      vertex 47.28515625 -97.94140625 7.5
      vertex 57.2470703125 -97.0693359375 7.5
      vertex 47.28515625 -97.94140625 0.5
    endloop
  endfacet
  facet normal 0.9962020105685574 0.087072120332307 0
    outer loop
      vertex 47.28515625 -97.94140625 7.5
      vertex 46.8291015625 -92.7236328125 0.5
      vertex 46.8291015625 -92.7236328125 7.5
    endloop
  endfacet
  facet normal 0 0 1
    outer loop
      vertex 38.12478772550821 -96.49639315903187 7.5
      vertex 44.10172722488642 -95.97363066673279 7.5
      vertex 37.86328125 -93.5078125 7.5
    endloop
  endfacet
  facet normal 0 0 1
    outer loop
      vertex 44.55780193209648 -101.19163309037685 7.5
      vertex 47.28515625 -97.94140625 7.5
      vertex 44.10172722488642 -95.97363066673279 7.5
    endloop
  endfacet
  facet normal 0 0 1
    outer loop
      vertex 37.86328125 -93.5078125 7.5
      vertex 44.10172722488642 -95.97363066673279 7.5
      vertex 46.8291015625 -92.7236328125 7.5
    endloop
  endfacet
  facet normal 0 0 1
    outer loop
      vertex 44.10172722488642 -95.97363066673279 7.5
      vertex 47.28515625 -97.94140625 7.5
      vertex 46.8291015625 -92.7236328125 7.5
    endloop
  endfacet
  facet normal 0 0 1
    outer loop
      vertex 44.55780193209648 -101.19163309037685 7.5
      vertex 54.52006474882364 -100.31953224539757 7.5
      vertex 47.28515625 -97.94140625 7.5
    endloop
  endfacet
  facet normal 0.9961947101212505 0.08715560524967836 0
    outer loop
      vertex 58.0678895637393 -106.09655117988586 7.5
      vertex 58.06664203852415 -106.08229187875986 0.5
      vertex 58.06664203852415 -106.08229187875986 7.5
    endloop
  endfacet
  facet normal -0.0871507955955807 0.9961951308990911 0
    outer loop
      vertex 58.06664203852415 -106.08229187875986 7.5
      vertex 58.0361328125 -106.0849609375 0.5
      vertex 58.0361328125 -106.0849609375 7.5
    endloop
  endfacet
  facet normal 0.9961918432518847 0.08718836756363982 0
    outer loop
      vertex 58.0361328125 -106.0849609375 7.5
      vertex 57.2470703125 -97.0693359375 0.5
      vertex 57.2470703125 -97.0693359375 7.5
    endloop
  endfacet
  facet normal 0 0 1
    outer loop
      vertex 55.04691671580076 -106.3392072468996 7.5
      vertex 55.204310052096844 -108.24499176442623 7.5
      vertex 58.0361328125 -106.0849609375 7.5
    endloop
  endfacet
  facet normal 0 0 1
    outer loop
      vertex 55.04691671580076 -106.3392072468996 7.5
      vertex 58.0361328125 -106.0849609375 7.5
      vertex 54.52006474882364 -100.31953224539757 7.5
    endloop
  endfacet
  facet normal 0 0 1
    outer loop
      vertex 58.0678895637393 -106.09655117988586 7.5
      vertex 58.06664203852415 -106.08229187875986 7.5
      vertex 58.0361328125 -106.0849609375 7.5
    endloop
  endfacet
  facet normal 0 0 1
    outer loop
      vertex 47.28515625 -97.94140625 7.5
      vertex 54.52006474882364 -100.31953224539757 7.5
      vertex 57.2470703125 -97.0693359375 7.5
    endloop
  endfacet
  facet normal 0 0 1
    outer loop
      vertex 58.0361328125 -106.0849609375 7.5
      vertex 57.2470703125 -97.0693359375 7.5
      vertex 54.52006474882364 -100.31953224539757 7.5
    endloop
  endfacet
  facet normal -0.34284895214945366 -0.9393905449864937 0
    outer loop
      vertex 55.204310052096844 -108.24499176442623 7.5
      vertex 114.70827685296535 -129.96212823688984 -0.5
      vertex 114.70827685296535 -129.96212823688984 0.5
    endloop
  endfacet
  facet normal 0.3428489522662699 0.9393905449438592 0
    outer loop
      vertex 116.90234375 -127.5693359375 7.5
      vertex 116.90234375 -127.5693359375 0.5
      vertex 58.0678895637393 -106.09655117988586 0.5
    endloop
  endfacet
  facet normal 0.3428489522662699 0.9393905449438592 0
    outer loop
      vertex 58.0678895637393 -106.09655117988586 7.5
      vertex 116.90234375 -127.5693359375 7.5
      vertex 58.0678895637393 -106.09655117988586 0.5
    endloop
  endfacet
  facet normal 0 0 1
    outer loop
      vertex 55.204310052096844 -108.24499176442623 7.5
      vertex 114.70827685296535 -129.96212823688984 7.5
      vertex 58.0361328125 -106.0849609375 7.5
    endloop
  endfacet
  facet normal 0 0 1
    outer loop
      vertex 58.0678895637393 -106.09655117988586 7.5
      vertex 58.0361328125 -106.0849609375 7.5
      vertex 114.70827685296535 -129.96212823688984 7.5
    endloop
  endfacet
  facet normal -0.34284895214945366 -0.9393905449864937 0
    outer loop
      vertex 55.204310052096844 -108.24499176442623 7.5
      vertex 114.70827685296535 -129.96212823688984 0.5
      vertex 114.70827685296535 -129.96212823688984 7.5
    endloop
  endfacet
  facet normal 0 0 1
    outer loop
      vertex 58.0678895637393 -106.09655117988586 7.5
      vertex 114.70827685296535 -129.96212823688984 7.5
      vertex 116.90234375 -127.5693359375 7.5
    endloop
  endfacet
  facet normal 0 0 -1
    outer loop
      vertex 35.136206947267056 -96.7577841207385 -2.5
      vertex 35.81840730458498 -52.93188924342394 -2.5
      vertex 39.22681839764118 -91.88282668590546 -2.5
    endloop
  endfacet
  facet normal 0.9961932642786068 0.08717212975449129 0
    outer loop
      vertex 39.22681839764118 -91.88282668590546 -2.5
      vertex 35.81840730458498 -52.93188924342394 -2.5
      vertex 39.22681839764118 -91.88282668590546 0.5
    endloop
  endfacet
  facet normal -0.08713060669364207 0.9961968968919738 0
    outer loop
      vertex 39.22681839764118 -91.88282668590546 -2.5
      vertex 48.1927887275815 -91.0986338853836 0.5
      vertex 48.1927887275815 -91.0986338853836 -2.5
    endloop
  endfacet
  facet normal -0.9961932642665051 -0.08717212989278862 0
    outer loop
      vertex 35.136206947267056 -96.7577841207385 -2.5
      vertex 35.136206947267056 -96.7577841207385 0.5
      vertex 30.94326350837946 -48.84129961580038 0.5
    endloop
  endfacet
  facet normal -0.08713060669364207 0.9961968968919738 0
    outer loop
      vertex 39.22681839764118 -91.88282668590546 -2.5
      vertex 39.22681839764118 -91.88282668590546 0.5
      vertex 48.1927887275815 -91.0986338853836 0.5
    endloop
  endfacet
  facet normal 0.9962020105406828 0.08707212065122481 0
    outer loop
      vertex 48.64883340895176 -96.31629282236099 0.5
      vertex 48.1927887275815 -91.0986338853836 -2.5
      vertex 48.1927887275815 -91.0986338853836 0.5
    endloop
  endfacet
  facet normal 0 0 -1
    outer loop
      vertex 35.136206947267056 -96.7577841207385 -2.5
      vertex 30.94326350837946 -48.84129961580038 -2.5
      vertex 35.81840730458498 -52.93188924342394 -2.5
    endloop
  endfacet
  facet normal -0.9961932642665051 -0.08717212989278862 0
    outer loop
      vertex 35.136206947267056 -96.7577841207385 -2.5
      vertex 30.94326350837946 -48.84129961580038 -0.5
      vertex 30.94326350837946 -48.84129961580038 -2.5
    endloop
  endfacet
  facet normal -0.9961932642665051 -0.08717212989278862 0
    outer loop
      vertex 35.136206947267056 -96.7577841207385 -2.5
      vertex 30.94326350837946 -48.84129961580038 0.5
      vertex 30.94326350837946 -48.84129961580038 -0.5
    endloop
  endfacet
  facet normal 0.9961932642786068 0.08717212975449129 0
    outer loop
      vertex 35.81840730458498 -52.93188924342394 -2.5
      vertex 35.81840730458498 -52.93188924342394 0.5
      vertex 39.22681839764118 -91.88282668590546 0.5
    endloop
  endfacet
  facet normal 0 0 1
    outer loop
      vertex 35.136206947267056 -96.7577841207385 0.5
      vertex 35.136206949034886 -96.75778412058389 0.5
      vertex 30.94326350837946 -48.84129961580038 0.5
    endloop
  endfacet
  facet normal 0 0 1
    outer loop
      vertex 39.22681839764118 -91.88282668590546 0.5
      vertex 34.193359375 -51.568359375 0.5
      vertex 37.86328125 -93.5078125 0.5
    endloop
  endfacet
  facet normal 0 0 1
    outer loop
      vertex 39.22681839764118 -91.88282668590546 0.5
      vertex 37.86328125 -93.5078125 0.5
      vertex 48.1927887275815 -91.0986338853836 0.5
    endloop
  endfacet
  facet normal 0 0 1
    outer loop
      vertex 48.1927887275815 -91.0986338853836 0.5
      vertex 37.86328125 -93.5078125 0.5
      vertex 46.8291015625 -92.7236328125 0.5
    endloop
  endfacet
  facet normal 0 0 1
    outer loop
      vertex 39.22681839764118 -91.88282668590546 0.5
      vertex 35.81840730458498 -52.93188924342394 0.5
      vertex 34.193359375 -51.568359375 0.5
    endloop
  endfacet
  facet normal 0 0 -1
    outer loop
      vertex 30.94326350837946 -48.84129961580038 -2.5
      vertex 49.51347916573286 -47.2162856310606 -2.5
      vertex 35.81840730458498 -52.93188924342394 -2.5
    endloop
  endfacet
  facet normal -0.08717334483581331 0.9961931579518785 0
    outer loop
      vertex 30.94326350837946 -48.84129961580038 -2.5
      vertex 30.94326350837946 -48.84129961580038 -0.5
      vertex 49.51347916573286 -47.2162856310606 -2.5
    endloop
  endfacet
  facet normal 0 0 -1
    outer loop
      vertex 35.81840730458498 -52.93188924342394 -2.5
      vertex 49.51347916573286 -47.2162856310606 -2.5
      vertex 52.01132681965828 -51.5149040594697 -2.5
    endloop
  endfacet
  facet normal 0.08717334412418008 -0.9961931580141511 0
    outer loop
      vertex 35.81840730458498 -52.93188924342394 -2.5
      vertex 52.01132681965828 -51.5149040594697 -2.5
      vertex 35.81840730458498 -52.93188924342394 0.5
    endloop
  endfacet
  facet normal 0 0 -1
    outer loop
      vertex 49.51347916573286 -47.2162856310606 -2.5
      vertex 49.83334981650114 -46.75400376319885 -2.5
      vertex 52.01132681965828 -51.5149040594697 -2.5
    endloop
  endfacet
  facet normal 0 0 -1
    outer loop
      vertex 49.83334981650114 -46.75400376319885 -2.5
      vertex 49.628610610961914 -44.41371417045593 -2.5
      vertex 54.33107540756464 -46.53154085576534 -2.5
    endloop
  endfacet
  facet normal -0.8223342268277883 0.569004762183537 0
    outer loop
      vertex 49.51347916573286 -47.2162856310606 -2.5
      vertex 49.83334981650114 -46.75400376319885 0.5
      vertex 49.83334981650114 -46.75400376319885 -2.5
    endloop
  endfacet
  facet normal -0.9961950530036652 -0.08715168599071876 0
    outer loop
      vertex 49.83334981650114 -46.75400376319885 -2.5
      vertex 49.628610610961914 -44.41371417045593 0.5
      vertex 49.628610610961914 -44.41371417045593 -2.5
    endloop
  endfacet
  facet normal -0.8223342182274861 0.5690047746128228 0
    outer loop
      vertex 49.628610610961914 -44.41371417045593 -2.5
      vertex 51.0928051546216 -42.297638297080994 0.5
      vertex 51.0928051546216 -42.297638297080994 -2.5
    endloop
  endfacet
  facet normal 0.08717334412418008 -0.9961931580141511 0
    outer loop
      vertex 52.01132681965828 -51.5149040594697 -2.5
      vertex 52.01132681965828 -51.5149040594697 0.5
      vertex 35.81840730458498 -52.93188924342394 0.5
    endloop
  endfacet
  facet normal -0.08717334483581331 0.9961931579518785 0
    outer loop
      vertex 49.51347916573286 -47.2162856310606 -2.5
      vertex 30.94326350837946 -48.84129961580038 -0.5
      vertex 49.51347916573286 -47.2162856310606 -0.5
    endloop
  endfacet
  facet normal -0.8223342268277883 0.569004762183537 0
    outer loop
      vertex 49.51347916573286 -47.2162856310606 -2.5
      vertex 49.51347916573286 -47.2162856310606 -0.5
      vertex 49.83334981650114 -46.75400376319885 0.5
    endloop
  endfacet
  facet normal -0.08717334483581331 0.9961931579518785 0
    outer loop
      vertex 30.94326350837946 -48.84129961580038 -0.5
      vertex 49.51347916573286 -47.2162856310606 0.5
      vertex 49.51347916573286 -47.2162856310606 -0.5
    endloop
  endfacet
  facet normal -0.9961950530036652 -0.08715168599071876 0
    outer loop
      vertex 49.83334981650114 -46.75400376319885 -2.5
      vertex 49.83334981650114 -46.75400376319885 0.5
      vertex 49.628610610961914 -44.41371417045593 0.5
    endloop
  endfacet
  facet normal -0.8223342182274861 0.5690047746128228 0
    outer loop
      vertex 49.628610610961914 -44.41371417045593 -2.5
      vertex 49.628610610961914 -44.41371417045593 0.5
      vertex 51.0928051546216 -42.297638297080994 0.5
    endloop
  endfacet
  facet normal 0 0 -1
    outer loop
      vertex 49.83334981650114 -46.75400376319885 -2.5
      vertex 54.45773374289274 -47.979320123791695 -2.5
      vertex 52.01132681965828 -51.5149040594697 -2.5
    endloop
  endfacet
  facet normal 0.8223342203133358 -0.5690047715983217 0
    outer loop
      vertex 52.01132681965828 -51.5149040594697 -2.5
      vertex 54.45773374289274 -47.979320123791695 -2.5
      vertex 52.01132681965828 -51.5149040594697 0.5
    endloop
  endfacet
  facet normal 0 0 -1
    outer loop
      vertex 49.83334981650114 -46.75400376319885 -2.5
      vertex 54.33107540756464 -46.53154085576534 -2.5
      vertex 54.45773374289274 -47.979320123791695 -2.5
    endloop
  endfacet
  facet normal 0 0 -1
    outer loop
      vertex 49.628610610961914 -44.41371417045593 -2.5
      vertex 51.0928051546216 -42.297638297080994 -2.5
      vertex 54.33107540756464 -46.53154085576534 -2.5
    endloop
  endfacet
  facet normal 0 0 -1
    outer loop
      vertex 51.0928051546216 -42.297638297080994 -2.5
      vertex 70.13249486684799 -40.632050059735775 -2.5
      vertex 54.33107540756464 -46.53154085576534 -2.5
    endloop
  endfacet
  facet normal 0.9961950528282817 0.08715168799545504 0
    outer loop
      vertex 54.45773374289274 -47.979320123791695 -2.5
      vertex 54.33107540756464 -46.53154085576534 -2.5
      vertex 54.45773374289274 -47.979320123791695 0.5
    endloop
  endfacet
  facet normal 0.08714697909860561 -0.9961954647728463 0
    outer loop
      vertex 54.33107540756464 -46.53154085576534 -2.5
      vertex 71.65843362361193 -45.01574704051018 -2.5
      vertex 54.33107540756464 -46.53154085576534 0.5
    endloop
  endfacet
  facet normal 0 0 -1
    outer loop
      vertex 54.33107540756464 -46.53154085576534 -2.5
      vertex 70.13249486684799 -40.632050059735775 -2.5
      vertex 71.65843362361193 -45.01574704051018 -2.5
    endloop
  endfacet
  facet normal 0 0 -1
    outer loop
      vertex 71.65843362361193 -45.01574704051018 -2.5
      vertex 70.13249486684799 -40.632050059735775 -2.5
      vertex 72.45915844291449 -44.945674419403076 -2.5
    endloop
  endfacet
  facet normal -0.08714697945444798 0.9961954647417173 0
    outer loop
      vertex 51.0928051546216 -42.297638297080994 -2.5
      vertex 70.13249486684799 -40.632050059735775 0.5
      vertex 70.13249486684799 -40.632050059735775 -2.5
    endloop
  endfacet
  facet normal 0.8223342203133358 -0.5690047715983217 0
    outer loop
      vertex 54.45773374289274 -47.979320123791695 -2.5
      vertex 54.45773374289274 -47.979320123791695 0.5
      vertex 52.01132681965828 -51.5149040594697 0.5
    endloop
  endfacet
  facet normal 0.9961950528282817 0.08715168799545504 0
    outer loop
      vertex 54.33107540756464 -46.53154085576534 -2.5
      vertex 54.33107540756464 -46.53154085576534 0.5
      vertex 54.45773374289274 -47.979320123791695 0.5
    endloop
  endfacet
  facet normal -0.08714697945444798 0.9961954647417173 0
    outer loop
      vertex 51.0928051546216 -42.297638297080994 -2.5
      vertex 51.0928051546216 -42.297638297080994 0.5
      vertex 70.13249486684799 -40.632050059735775 0.5
    endloop
  endfacet
  facet normal 0.08714697909860561 -0.9961954647728463 0
    outer loop
      vertex 71.65843362361193 -45.01574704051018 -2.5
      vertex 71.65843362361193 -45.01574704051018 0.5
      vertex 54.33107540756464 -46.53154085576534 0.5
    endloop
  endfacet
  facet normal -0.7845863397904144 0.6200195766379321 0
    outer loop
      vertex 70.13249486684799 -40.632050059735775 -2.5
      vertex 70.13249486684799 -40.632050059735775 0.5
      vertex 72.8154296875 -37.23700562864542 0.5
    endloop
  endfacet
  facet normal 0 0 1
    outer loop
      vertex 35.81840730458498 -52.93188924342394 0.5
      vertex 51.1787109375 -50.08203125 0.5
      vertex 34.193359375 -51.568359375 0.5
    endloop
  endfacet
  facet normal 0 0 1
    outer loop
      vertex 35.81840730458498 -52.93188924342394 0.5
      vertex 52.01132681965828 -51.5149040594697 0.5
      vertex 51.1787109375 -50.08203125 0.5
    endloop
  endfacet
  facet normal -0.8223342268277883 0.569004762183537 0
    outer loop
      vertex 49.83334981650114 -46.75400376319885 0.5
      vertex 49.51347916573286 -47.2162856310606 -0.5
      vertex 49.51347916573286 -47.2162856310606 0.5
    endloop
  endfacet
  facet normal 0 0 1
    outer loop
      vertex 49.83334981650114 -46.75400376319885 0.5
      vertex 49.51347916573286 -47.2162856310606 0.5
      vertex 53.033981777727604 -42.12840252369642 0.5
    endloop
  endfacet
  facet normal 0 0 1
    outer loop
      vertex 49.83334981650114 -46.75400376319885 0.5
      vertex 53.033981777727604 -42.12840252369642 0.5
      vertex 49.628610610961914 -44.41371417045593 0.5
    endloop
  endfacet
  facet normal 0 0 1
    outer loop
      vertex 49.628610610961914 -44.41371417045593 0.5
      vertex 53.033981777727604 -42.12840252369642 0.5
      vertex 51.0928051546216 -42.297638297080994 0.5
    endloop
  endfacet
  facet normal 0 0 1
    outer loop
      vertex 52.01132681965828 -51.5149040594697 0.5
      vertex 52.916272439062595 -47.570881336927414 0.5
      vertex 51.1787109375 -50.08203125 0.5
    endloop
  endfacet
  facet normal 0 0 1
    outer loop
      vertex 52.01132681965828 -51.5149040594697 0.5
      vertex 54.45773374289274 -47.979320123791695 0.5
      vertex 52.916272439062595 -47.570881336927414 0.5
    endloop
  endfacet
  facet normal 0 0 1
    outer loop
      vertex 54.33107540756464 -46.53154085576534 0.5
      vertex 52.7060546875 -45.16796875 0.5
      vertex 52.916272439062595 -47.570881336927414 0.5
    endloop
  endfacet
  facet normal 0 0 1
    outer loop
      vertex 54.45773374289274 -47.979320123791695 0.5
      vertex 54.33107540756464 -46.53154085576534 0.5
      vertex 52.916272439062595 -47.570881336927414 0.5
    endloop
  endfacet
  facet normal 0 0 1
    outer loop
      vertex 54.33107540756464 -46.53154085576534 0.5
      vertex 71.52768965810537 -43.52145589888096 0.5
      vertex 52.7060546875 -45.16796875 0.5
    endloop
  endfacet
  facet normal 0 0 1
    outer loop
      vertex 51.0928051546216 -42.297638297080994 0.5
      vertex 53.033981777727604 -42.12840252369642 0.5
      vertex 70.13249486684799 -40.632050059735775 0.5
    endloop
  endfacet
  facet normal 0 0 1
    outer loop
      vertex 54.33107540756464 -46.53154085576534 0.5
      vertex 71.65843362361193 -45.01574704051018 0.5
      vertex 71.52768965810537 -43.52145589888096 0.5
    endloop
  endfacet
  facet normal 0 0 1
    outer loop
      vertex 70.13249486684799 -40.632050059735775 0.5
      vertex 53.033981777727604 -42.12840252369642 0.5
      vertex 70.13246435672045 -40.63208866864443 0.5
    endloop
  endfacet
  facet normal 0 0 1
    outer loop
      vertex 71.65843362361193 -45.01574704051018 0.5
      vertex 71.68359375 -43.5078125 0.5
      vertex 71.52768965810537 -43.52145589888096 0.5
    endloop
  endfacet
  facet normal 0 0 1
    outer loop
      vertex 70.13249486684799 -40.632050059735775 0.5
      vertex 70.13246435672045 -40.63208866864443 0.5
      vertex 72.8154296875 -37.23700562864542 0.5
    endloop
  endfacet
  facet normal 0 0 -1
    outer loop
      vertex 70.13249486684799 -40.632050059735775 -2.5
      vertex 77.3154296875 -38.80044250190258 -2.5
      vertex 72.45915844291449 -44.945674419403076 -2.5
    endloop
  endfacet
  facet normal 0.08717830843651506 -0.9961927235922514 0
    outer loop
      vertex 71.65843362361193 -45.01574704051018 -2.5
      vertex 72.45915844291449 -44.945674419403076 -2.5
      vertex 71.65843362361193 -45.01574704051018 0.5
    endloop
  endfacet
  facet normal 0.7845863406621106 -0.6200195755348683 0
    outer loop
      vertex 72.45915844291449 -44.945674419403076 -2.5
      vertex 77.3154296875 -38.80044250190258 -2.5
      vertex 72.45915844291449 -44.945674419403076 0.5
    endloop
  endfacet
  facet normal 0.08717830843651506 -0.9961927235922514 0
    outer loop
      vertex 72.45915844291449 -44.945674419403076 -2.5
      vertex 72.45915844291449 -44.945674419403076 0.5
      vertex 71.65843362361193 -45.01574704051018 0.5
    endloop
  endfacet
  facet normal 0.7845863406621106 -0.6200195755348683 0
    outer loop
      vertex 77.3154296875 -38.80044250190258 -2.5
      vertex 77.3154296875 -38.80044250190258 0.5
      vertex 72.45915844291449 -44.945674419403076 0.5
    endloop
  endfacet
  facet normal 0 0 -1
    outer loop
      vertex 70.13249486684799 -40.632050059735775 -2.5
      vertex 72.8154296875 -37.23700562864542 -2.5
      vertex 77.3154296875 -38.80044250190258 -2.5
    endloop
  endfacet
  facet normal 0 0 -1
    outer loop
      vertex 72.8154296875 -37.23700562864542 -2.5
      vertex 77.3154296875 -31.2060546875 -2.5
      vertex 77.3154296875 -38.80044250190258 -2.5
    endloop
  endfacet
  facet normal 0 0 -1
    outer loop
      vertex 72.8154296875 -37.23700562864542 -2.5
      vertex 72.8154296875 -26.7060546875 -2.5
      vertex 77.3154296875 -31.2060546875 -2.5
    endloop
  endfacet
  facet normal -0.7845863397904144 0.6200195766379321 0
    outer loop
      vertex 70.13249486684799 -40.632050059735775 -2.5
      vertex 72.8154296875 -37.23700562864542 0.5
      vertex 72.8154296875 -37.23700562864542 -2.5
    endloop
  endfacet
  facet normal 1 0 0
    outer loop
      vertex 77.3154296875 -38.80044250190258 -2.5
      vertex 77.3154296875 -31.2060546875 -2.5
      vertex 77.3154296875 -38.80044250190258 0.5
    endloop
  endfacet
  facet normal 0 0 -1
    outer loop
      vertex 77.3154296875 -31.2060546875 -2.5
      vertex 72.8154296875 -26.7060546875 -2.5
      vertex 91.45604127645493 -26.7060546875 -2.5
    endloop
  endfacet
  facet normal -1 0 0
    outer loop
      vertex 72.8154296875 -37.23700562864542 -2.5
      vertex 72.8154296875 -26.7060546875 0.5
      vertex 72.8154296875 -26.7060546875 -2.5
    endloop
  endfacet
  facet normal 0 -1 0
    outer loop
      vertex 77.3154296875 -31.2060546875 -2.5
      vertex 93.56983092427254 -31.2060546875 -2.5
      vertex 77.3154296875 -31.2060546875 0.5
    endloop
  endfacet
  facet normal 0 0 -1
    outer loop
      vertex 77.3154296875 -31.2060546875 -2.5
      vertex 91.45604127645493 -26.7060546875 -2.5
      vertex 93.56983092427254 -31.2060546875 -2.5
    endloop
  endfacet
  facet normal 0 1 0
    outer loop
      vertex 72.8154296875 -26.7060546875 -2.5
      vertex 91.45604127645493 -26.7060546875 0.5
      vertex 91.45604127645493 -26.7060546875 -2.5
    endloop
  endfacet
  facet normal -0.7696425592378746 0.6384750042169033 0
    outer loop
      vertex 91.45604127645493 -26.7060546875 -2.5
      vertex 91.8154296875 -26.272833943367004 0.5
      vertex 91.8154296875 -26.272833943367004 -2.5
    endloop
  endfacet
  facet normal -1 0 0
    outer loop
      vertex 91.8154296875 -26.272833943367004 -2.5
      vertex 91.8154296875 -23.923485912382603 0.5
      vertex 91.8154296875 -23.923485912382603 -2.5
    endloop
  endfacet
  facet normal -1 0 0
    outer loop
      vertex 72.8154296875 -26.7060546875 0.5
      vertex 72.8154296875 -37.23700562864542 -2.5
      vertex 72.8154296875 -37.23700562864542 0.5
    endloop
  endfacet
  facet normal 1 0 0
    outer loop
      vertex 77.3154296875 -31.2060546875 -2.5
      vertex 77.3154296875 -31.2060546875 0.5
      vertex 77.3154296875 -38.80044250190258 0.5
    endloop
  endfacet
  facet normal 0 1 0
    outer loop
      vertex 72.8154296875 -26.7060546875 -2.5
      vertex 72.8154296875 -26.7060546875 0.5
      vertex 91.45604127645493 -26.7060546875 0.5
    endloop
  endfacet
  facet normal 0 -1 0
    outer loop
      vertex 93.56983092427254 -31.2060546875 -2.5
      vertex 93.56983092427254 -31.2060546875 0.5
      vertex 77.3154296875 -31.2060546875 0.5
    endloop
  endfacet
  facet normal -0.7696425592378746 0.6384750042169033 0
    outer loop
      vertex 91.8154296875 -26.272833943367004 0.5
      vertex 91.45604127645493 -26.7060546875 -2.5
      vertex 91.45604127645493 -26.7060546875 0.5
    endloop
  endfacet
  facet normal -1 0 0
    outer loop
      vertex 91.8154296875 -26.272833943367004 -2.5
      vertex 91.8154296875 -26.272833943367004 0.5
      vertex 91.8154296875 -23.923485912382603 0.5
    endloop
  endfacet
  facet normal 0 0 -1
    outer loop
      vertex 91.45604127645493 -26.7060546875 -2.5
      vertex 91.8154296875 -26.272833943367004 -2.5
      vertex 93.56983092427254 -31.2060546875 -2.5
    endloop
  endfacet
  facet normal 0 0 -1
    outer loop
      vertex 91.8154296875 -26.272833943367004 -2.5
      vertex 96.3154296875 -27.89640336483717 -2.5
      vertex 93.56983092427254 -31.2060546875 -2.5
    endloop
  endfacet
  facet normal 0 0 -1
    outer loop
      vertex 91.8154296875 -26.272833943367004 -2.5
      vertex 96.3154296875 -26.4443359375 -2.5
      vertex 96.3154296875 -27.89640336483717 -2.5
    endloop
  endfacet
  facet normal 0 0 -1
    outer loop
      vertex 91.8154296875 -26.272833943367004 -2.5
      vertex 91.8154296875 -23.923485912382603 -2.5
      vertex 96.3154296875 -26.4443359375 -2.5
    endloop
  endfacet
  facet normal 0 0 -1
    outer loop
      vertex 91.8154296875 -23.923485912382603 -2.5
      vertex 93.45727990567684 -21.9443359375 -2.5
      vertex 96.3154296875 -26.4443359375 -2.5
    endloop
  endfacet
  facet normal 0 0 -1
    outer loop
      vertex 96.3154296875 -26.4443359375 -2.5
      vertex 93.45727990567684 -21.9443359375 -2.5
      vertex 116.365234375 -26.4443359375 -2.5
    endloop
  endfacet
  facet normal 0.7696425567766048 -0.6384750071838134 0
    outer loop
      vertex 93.56983092427254 -31.2060546875 -2.5
      vertex 96.3154296875 -27.89640336483717 -2.5
      vertex 93.56983092427254 -31.2060546875 0.5
    endloop
  endfacet
  facet normal 1 0 0
    outer loop
      vertex 96.3154296875 -27.89640336483717 -2.5
      vertex 96.3154296875 -26.4443359375 -2.5
      vertex 96.3154296875 -27.89640336483717 0.5
    endloop
  endfacet
  facet normal -0.7696425554530265 0.6384750087793063 0
    outer loop
      vertex 91.8154296875 -23.923485912382603 -2.5
      vertex 93.45727990567684 -21.9443359375 0.5
      vertex 93.45727990567684 -21.9443359375 -2.5
    endloop
  endfacet
  facet normal 0 0 -1
    outer loop
      vertex 93.45727990567684 -21.9443359375 -2.5
      vertex 120.865234375 -21.9443359375 -2.5
      vertex 116.365234375 -26.4443359375 -2.5
    endloop
  endfacet
  facet normal 0 -1 0
    outer loop
      vertex 96.3154296875 -26.4443359375 -2.5
      vertex 116.365234375 -26.4443359375 -2.5
      vertex 96.3154296875 -26.4443359375 0.5
    endloop
  endfacet
  facet normal 0 1 0
    outer loop
      vertex 93.45727990567684 -21.9443359375 -2.5
      vertex 120.865234375 -21.9443359375 -0.5
      vertex 120.865234375 -21.9443359375 -2.5
    endloop
  endfacet
  facet normal 0.7696425567766048 -0.6384750071838134 0
    outer loop
      vertex 96.3154296875 -27.89640336483717 -2.5
      vertex 96.3154296875 -27.89640336483717 0.5
      vertex 93.56983092427254 -31.2060546875 0.5
    endloop
  endfacet
  facet normal 1 0 0
    outer loop
      vertex 96.3154296875 -26.4443359375 -2.5
      vertex 96.3154296875 -26.4443359375 0.5
      vertex 96.3154296875 -27.89640336483717 0.5
    endloop
  endfacet
  facet normal -0.7696425554530265 0.6384750087793063 0
    outer loop
      vertex 91.8154296875 -23.923485912382603 -2.5
      vertex 91.8154296875 -23.923485912382603 0.5
      vertex 93.45727990567684 -21.9443359375 0.5
    endloop
  endfacet
  facet normal 0 1 0
    outer loop
      vertex 93.45727990567684 -21.9443359375 0.5
      vertex 95.40623658895493 -21.9443359375 0.5
      vertex 93.45727990567684 -21.9443359375 -2.5
    endloop
  endfacet
  facet normal 0 1 0
    outer loop
      vertex 93.45727990567684 -21.9443359375 -2.5
      vertex 120.865234375 -21.9443359375 0.5
      vertex 120.865234375 -21.9443359375 -0.5
    endloop
  endfacet
  facet normal 0 1 0
    outer loop
      vertex 93.45727990567684 -21.9443359375 -2.5
      vertex 95.40623658895493 -21.9443359375 0.5
      vertex 120.865234375 -21.9443359375 0.5
    endloop
  endfacet
  facet normal 0 -1 0
    outer loop
      vertex 96.3154296875 -26.4443359375 0.5
      vertex 116.365234375 -26.4443359375 -2.5
      vertex 116.365234375 -26.4443359375 0.5
    endloop
  endfacet
  facet normal 0 0 1
    outer loop
      vertex 71.65843362361193 -45.01574704051018 0.5
      vertex 72.45915844291449 -44.945674419403076 0.5
      vertex 71.68359375 -43.5078125 0.5
    endloop
  endfacet
  facet normal 0 0 1
    outer loop
      vertex 72.45915844291449 -44.945674419403076 0.5
      vertex 75.8154296875 -38.279296875 0.5
      vertex 71.68359375 -43.5078125 0.5
    endloop
  endfacet
  facet normal 0 0 1
    outer loop
      vertex 72.45915844291449 -44.945674419403076 0.5
      vertex 77.3154296875 -38.80044250190258 0.5
      vertex 75.8154296875 -38.279296875 0.5
    endloop
  endfacet
  facet normal 0 0 1
    outer loop
      vertex 77.3154296875 -38.80044250190258 0.5
      vertex 75.8154296875 -29.7060546875 0.5
      vertex 75.8154296875 -38.279296875 0.5
    endloop
  endfacet
  facet normal 0 0 1
    outer loop
      vertex 77.3154296875 -38.80044250190258 0.5
      vertex 77.3154296875 -31.2060546875 0.5
      vertex 75.8154296875 -29.7060546875 0.5
    endloop
  endfacet
  facet normal 0 0 1
    outer loop
      vertex 77.3154296875 -31.2060546875 0.5
      vertex 92.865234375 -29.7060546875 0.5
      vertex 75.8154296875 -29.7060546875 0.5
    endloop
  endfacet
  facet normal 0 0 1
    outer loop
      vertex 77.3154296875 -31.2060546875 0.5
      vertex 93.56983092427254 -31.2060546875 0.5
      vertex 92.865234375 -29.7060546875 0.5
    endloop
  endfacet
  facet normal 0 0 1
    outer loop
      vertex 93.56983092427254 -31.2060546875 0.5
      vertex 94.8154296875 -27.355213560163975 0.5
      vertex 92.865234375 -29.7060546875 0.5
    endloop
  endfacet
  facet normal 0 0 1
    outer loop
      vertex 93.56983092427254 -31.2060546875 0.5
      vertex 96.3154296875 -27.89640336483717 0.5
      vertex 94.8154296875 -27.355213560163975 0.5
    endloop
  endfacet
  facet normal 0 0 1
    outer loop
      vertex 96.3154296875 -27.89640336483717 0.5
      vertex 94.8154296875 -24.9443359375 0.5
      vertex 94.8154296875 -27.355213560163975 0.5
    endloop
  endfacet
  facet normal 0 0 1
    outer loop
      vertex 96.3154296875 -27.89640336483717 0.5
      vertex 96.3154296875 -26.4443359375 0.5
      vertex 94.8154296875 -24.9443359375 0.5
    endloop
  endfacet
  facet normal 0 0 1
    outer loop
      vertex 91.8154296875 -26.272833943367004 0.5
      vertex 91.45604127645493 -26.7060546875 0.5
      vertex 95.40623658895493 -21.9443359375 0.5
    endloop
  endfacet
  facet normal 0 0 1
    outer loop
      vertex 91.8154296875 -26.272833943367004 0.5
      vertex 95.40623658895493 -21.9443359375 0.5
      vertex 91.8154296875 -23.923485912382603 0.5
    endloop
  endfacet
  facet normal 0 0 1
    outer loop
      vertex 91.8154296875 -23.923485912382603 0.5
      vertex 95.40623658895493 -21.9443359375 0.5
      vertex 93.45727990567684 -21.9443359375 0.5
    endloop
  endfacet
  facet normal 0 0 1
    outer loop
      vertex 96.3154296875 -26.4443359375 0.5
      vertex 117.865234375 -24.9443359375 0.5
      vertex 94.8154296875 -24.9443359375 0.5
    endloop
  endfacet
  facet normal 0 0 1
    outer loop
      vertex 96.3154296875 -26.4443359375 0.5
      vertex 116.365234375 -26.4443359375 0.5
      vertex 117.865234375 -24.9443359375 0.5
    endloop
  endfacet
  facet normal 0.9961932642731015 0.08717212981740594 0
    outer loop
      vertex 37.86328125 -93.5078125 7.5
      vertex 37.86328125 -93.5078125 0.5
      vertex 34.193359375 -51.568359375 0.5
    endloop
  endfacet
  facet normal -0.996193264263289 -0.08717212992954203 0
    outer loop
      vertex 30.94326350837946 -48.84129961580038 7.5
      vertex 30.94326350837946 -48.84129961580038 0.5
      vertex 35.136206949034886 -96.75778412058389 0.5
    endloop
  endfacet
  facet normal -0.9961932642632889 -0.08717212992954204 1.054558769597588e-16
    outer loop
      vertex 35.136211417615414 -96.75783518701792 7.5
      vertex 30.94326350837946 -48.84129961580038 7.5
      vertex 35.136206949034886 -96.75778412058389 0.5
    endloop
  endfacet
  facet normal 0 0 1
    outer loop
      vertex 35.136211417615414 -96.75783518701792 7.5
      vertex 38.12478772550821 -96.49639315903187 7.5
      vertex 30.94326350837946 -48.84129961580038 7.5
    endloop
  endfacet
  facet normal 0 0 1
    outer loop
      vertex 38.12478772550821 -96.49639315903187 7.5
      vertex 37.86328125 -93.5078125 7.5
      vertex 34.193359375 -51.568359375 7.5
    endloop
  endfacet
  facet normal 0.9961932642731015 0.08717212981740594 0
    outer loop
      vertex 37.86328125 -93.5078125 7.5
      vertex 34.193359375 -51.568359375 0.5
      vertex 34.193359375 -51.568359375 7.5
    endloop
  endfacet
  facet normal 0 0 1
    outer loop
      vertex 38.12478772550821 -96.49639315903187 7.5
      vertex 34.193359375 -51.568359375 7.5
      vertex 30.94326350837946 -48.84129961580038 7.5
    endloop
  endfacet
  facet normal 0.08717334481718166 -0.9961931579535089 0
    outer loop
      vertex 34.193359375 -51.568359375 7.5
      vertex 34.193359375 -51.568359375 0.5
      vertex 51.1787109375 -50.08203125 0.5
    endloop
  endfacet
  facet normal -0.08717334483581331 0.9961931579518785 0
    outer loop
      vertex 49.51347916573286 -47.2162856310606 7.5
      vertex 30.94326350837946 -48.84129961580038 -0.5
      vertex 30.94326350837946 -48.84129961580038 0.5
    endloop
  endfacet
  facet normal -0.08717334483581332 0.9961931579518786 0
    outer loop
      vertex 30.94326350837946 -48.84129961580038 -0.5
      vertex 49.51347916573286 -47.2162856310606 7.5
      vertex 49.51347916573286 -47.2162856310606 0.5
    endloop
  endfacet
  facet normal -0.8223342198423738 0.569004772278963 0
    outer loop
      vertex 49.51347916573286 -47.2162856310606 7.5
      vertex 53.033981777727604 -42.12840252369642 0.5
      vertex 49.51347916573286 -47.2162856310606 0.5
    endloop
  endfacet
  facet normal 0.8223342203325404 -0.5690047715705666 0
    outer loop
      vertex 51.1787109375 -50.08203125 7.5
      vertex 51.1787109375 -50.08203125 0.5
      vertex 52.916272439062595 -47.570881336927414 0.5
    endloop
  endfacet
  facet normal 0.9961950529703822 0.08715168637116151 0
    outer loop
      vertex 52.916272439062595 -47.570881336927414 7.5
      vertex 52.916272439062595 -47.570881336927414 0.5
      vertex 52.7060546875 -45.16796875 0.5
    endloop
  endfacet
  facet normal 0.08714697939335218 -0.9961954647470619 0
    outer loop
      vertex 52.7060546875 -45.16796875 7.5
      vertex 52.7060546875 -45.16796875 0.5
      vertex 71.52768965810537 -43.52145589888096 0.5
    endloop
  endfacet
  facet normal -0.08717831926364515 0.9961927226447532 0
    outer loop
      vertex 70.13246435672045 -40.63208866864443 7.5
      vertex 70.13246435672045 -40.63208866864443 0.5
      vertex 53.033981777727604 -42.12840252369642 0.5
    endloop
  endfacet
  facet normal 0.08717830640321818 -0.9961927237701882 0
    outer loop
      vertex 71.52768965810537 -43.52145589888096 7.5
      vertex 71.52768965810537 -43.52145589888096 0.5
      vertex 71.68359375 -43.5078125 0.5
    endloop
  endfacet
  facet normal -0.08717334483581332 0.9961931579518786 0
    outer loop
      vertex 30.94326350837946 -48.84129961580038 0.5
      vertex 30.94326350837946 -48.84129961580038 7.5
      vertex 49.51347916573286 -47.2162856310606 7.5
    endloop
  endfacet
  facet normal 0.08717334481718166 -0.9961931579535089 0
    outer loop
      vertex 34.193359375 -51.568359375 7.5
      vertex 51.1787109375 -50.08203125 0.5
      vertex 51.1787109375 -50.08203125 7.5
    endloop
  endfacet
  facet normal 0 0 1
    outer loop
      vertex 30.94326350837946 -48.84129961580038 7.5
      vertex 34.193359375 -51.568359375 7.5
      vertex 49.51347916573286 -47.2162856310606 7.5
    endloop
  endfacet
  facet normal 0 0 1
    outer loop
      vertex 34.193359375 -51.568359375 7.5
      vertex 51.1787109375 -50.08203125 7.5
      vertex 49.51347916573286 -47.2162856310606 7.5
    endloop
  endfacet
  facet normal 0 0 1
    outer loop
      vertex 51.1787109375 -50.08203125 7.5
      vertex 52.916272439062595 -47.570881336927414 7.5
      vertex 49.51347916573286 -47.2162856310606 7.5
    endloop
  endfacet
  facet normal 0.8223342203325404 -0.5690047715705666 0
    outer loop
      vertex 51.1787109375 -50.08203125 7.5
      vertex 52.916272439062595 -47.570881336927414 0.5
      vertex 52.916272439062595 -47.570881336927414 7.5
    endloop
  endfacet
  facet normal 0.9961950529703822 0.08715168637116151 0
    outer loop
      vertex 52.916272439062595 -47.570881336927414 7.5
      vertex 52.7060546875 -45.16796875 0.5
      vertex 52.7060546875 -45.16796875 7.5
    endloop
  endfacet
  facet normal -0.8223342198423738 0.569004772278963 0
    outer loop
      vertex 49.51347916573286 -47.2162856310606 7.5
      vertex 53.033981777727604 -42.12840252369642 7.5
      vertex 53.033981777727604 -42.12840252369642 0.5
    endloop
  endfacet
  facet normal -0.08717831926364515 0.9961927226447532 0
    outer loop
      vertex 53.033981777727604 -42.12840252369642 7.5
      vertex 70.13246435672045 -40.63208866864443 7.5
      vertex 53.033981777727604 -42.12840252369642 0.5
    endloop
  endfacet
  facet normal 0.08714697939335218 -0.9961954647470619 0
    outer loop
      vertex 52.7060546875 -45.16796875 7.5
      vertex 71.52768965810537 -43.52145589888096 0.5
      vertex 71.52768965810537 -43.52145589888096 7.5
    endloop
  endfacet
  facet normal 0.08717830640321818 -0.9961927237701882 0
    outer loop
      vertex 71.52768965810537 -43.52145589888096 7.5
      vertex 71.68359375 -43.5078125 0.5
      vertex 71.68359375 -43.5078125 7.5
    endloop
  endfacet
  facet normal 0 0 1
    outer loop
      vertex 49.51347916573286 -47.2162856310606 7.5
      vertex 52.916272439062595 -47.570881336927414 7.5
      vertex 52.7060546875 -45.16796875 7.5
    endloop
  endfacet
  facet normal 0 0 1
    outer loop
      vertex 49.51347916573286 -47.2162856310606 7.5
      vertex 52.7060546875 -45.16796875 7.5
      vertex 53.033981777727604 -42.12840252369642 7.5
    endloop
  endfacet
  facet normal 0 0 1
    outer loop
      vertex 52.7060546875 -45.16796875 7.5
      vertex 70.13246435672045 -40.63208866864443 7.5
      vertex 53.033981777727604 -42.12840252369642 7.5
    endloop
  endfacet
  facet normal 0 0 1
    outer loop
      vertex 52.7060546875 -45.16796875 7.5
      vertex 71.52768965810537 -43.52145589888096 7.5
      vertex 70.13246435672045 -40.63208866864443 7.5
    endloop
  endfacet
  facet normal 0 0 1
    outer loop
      vertex 71.52768965810537 -43.52145589888096 7.5
      vertex 71.68359375 -43.5078125 7.5
      vertex 70.13246435672045 -40.63208866864443 7.5
    endloop
  endfacet
  facet normal -0.7845863398548777 0.6200195765563588 0
    outer loop
      vertex 70.13246435672045 -40.63208866864443 7.5
      vertex 72.8154296875 -37.23700562864542 7.5
      vertex 70.13246435672045 -40.63208866864443 0.5
    endloop
  endfacet
  facet normal 0.7845863406686794 -0.6200195755265563 0
    outer loop
      vertex 71.68359375 -43.5078125 7.5
      vertex 71.68359375 -43.5078125 0.5
      vertex 75.8154296875 -38.279296875 0.5
    endloop
  endfacet
  facet normal -0.7845863398548777 0.6200195765563588 0
    outer loop
      vertex 72.8154296875 -37.23700562864542 7.5
      vertex 72.8154296875 -37.23700562864542 0.5
      vertex 70.13246435672045 -40.63208866864443 0.5
    endloop
  endfacet
  facet normal 1 0 0
    outer loop
      vertex 75.8154296875 -38.279296875 7.5
      vertex 75.8154296875 -38.279296875 0.5
      vertex 75.8154296875 -29.7060546875 0.5
    endloop
  endfacet
  facet normal -1 0 0
    outer loop
      vertex 72.8154296875 -26.7060546875 7.5
      vertex 72.8154296875 -26.7060546875 0.5
      vertex 72.8154296875 -37.23700562864542 0.5
    endloop
  endfacet
  facet normal 0 -1 0
    outer loop
      vertex 75.8154296875 -29.7060546875 7.5
      vertex 75.8154296875 -29.7060546875 0.5
      vertex 92.865234375 -29.7060546875 0.5
    endloop
  endfacet
  facet normal 0 1 0
    outer loop
      vertex 91.45604127645493 -26.7060546875 7.5
      vertex 91.45604127645493 -26.7060546875 0.5
      vertex 72.8154296875 -26.7060546875 0.5
    endloop
  endfacet
  facet normal 0.7696425565963417 -0.6384750074011096 0
    outer loop
      vertex 92.865234375 -29.7060546875 7.5
      vertex 92.865234375 -29.7060546875 0.5
      vertex 94.8154296875 -27.355213560163975 0.5
    endloop
  endfacet
  facet normal 1 0 0
    outer loop
      vertex 94.8154296875 -27.355213560163975 7.5
      vertex 94.8154296875 -27.355213560163975 0.5
      vertex 94.8154296875 -24.9443359375 0.5
    endloop
  endfacet
  facet normal -0.7696425560577402 0.6384750080503608 0
    outer loop
      vertex 91.45604127645493 -26.7060546875 7.5
      vertex 95.40623658895493 -21.9443359375 0.5
      vertex 91.45604127645493 -26.7060546875 0.5
    endloop
  endfacet
  facet normal 0 -1 0
    outer loop
      vertex 94.8154296875 -24.9443359375 7.5
      vertex 94.8154296875 -24.9443359375 0.5
      vertex 117.865234375 -24.9443359375 0.5
    endloop
  endfacet
  facet normal 0 1 0
    outer loop
      vertex 120.88271494954824 -21.9443359375 7.5
      vertex 120.865234375 -21.9443359375 0.5
      vertex 95.40623658895493 -21.9443359375 0.5
    endloop
  endfacet
  facet normal 0.7845863406686794 -0.6200195755265563 0
    outer loop
      vertex 71.68359375 -43.5078125 7.5
      vertex 75.8154296875 -38.279296875 0.5
      vertex 75.8154296875 -38.279296875 7.5
    endloop
  endfacet
  facet normal 0 0 1
    outer loop
      vertex 71.68359375 -43.5078125 7.5
      vertex 75.8154296875 -38.279296875 7.5
      vertex 70.13246435672045 -40.63208866864443 7.5
    endloop
  endfacet
  facet normal -1 0 0
    outer loop
      vertex 72.8154296875 -37.23700562864542 7.5
      vertex 72.8154296875 -26.7060546875 7.5
      vertex 72.8154296875 -37.23700562864542 0.5
    endloop
  endfacet
  facet normal 1 0 0
    outer loop
      vertex 75.8154296875 -38.279296875 7.5
      vertex 75.8154296875 -29.7060546875 0.5
      vertex 75.8154296875 -29.7060546875 7.5
    endloop
  endfacet
  facet normal 0 1 0
    outer loop
      vertex 72.8154296875 -26.7060546875 7.5
      vertex 91.45604127645493 -26.7060546875 7.5
      vertex 72.8154296875 -26.7060546875 0.5
    endloop
  endfacet
  facet normal 0 -1 0
    outer loop
      vertex 75.8154296875 -29.7060546875 7.5
      vertex 92.865234375 -29.7060546875 0.5
      vertex 92.865234375 -29.7060546875 7.5
    endloop
  endfacet
  facet normal 0 0 1
    outer loop
      vertex 70.13246435672045 -40.63208866864443 7.5
      vertex 75.8154296875 -38.279296875 7.5
      vertex 72.8154296875 -37.23700562864542 7.5
    endloop
  endfacet
  facet normal 0 0 1
    outer loop
      vertex 72.8154296875 -37.23700562864542 7.5
      vertex 75.8154296875 -29.7060546875 7.5
      vertex 72.8154296875 -26.7060546875 7.5
    endloop
  endfacet
  facet normal 0 0 1
    outer loop
      vertex 72.8154296875 -37.23700562864542 7.5
      vertex 75.8154296875 -38.279296875 7.5
      vertex 75.8154296875 -29.7060546875 7.5
    endloop
  endfacet
  facet normal 0 0 1
    outer loop
      vertex 72.8154296875 -26.7060546875 7.5
      vertex 75.8154296875 -29.7060546875 7.5
      vertex 91.45604127645493 -26.7060546875 7.5
    endloop
  endfacet
  facet normal 0 0 1
    outer loop
      vertex 75.8154296875 -29.7060546875 7.5
      vertex 92.865234375 -29.7060546875 7.5
      vertex 91.45604127645493 -26.7060546875 7.5
    endloop
  endfacet
  facet normal 0.7696425565963417 -0.6384750074011096 0
    outer loop
      vertex 92.865234375 -29.7060546875 7.5
      vertex 94.8154296875 -27.355213560163975 0.5
      vertex 94.8154296875 -27.355213560163975 7.5
    endloop
  endfacet
  facet normal -0.7696425560577402 0.6384750080503608 0
    outer loop
      vertex 91.45604127645493 -26.7060546875 7.5
      vertex 95.40623658895493 -21.9443359375 7.5
      vertex 95.40623658895493 -21.9443359375 0.5
    endloop
  endfacet
  facet normal 1 0 0
    outer loop
      vertex 94.8154296875 -27.355213560163975 7.5
      vertex 94.8154296875 -24.9443359375 0.5
      vertex 94.8154296875 -24.9443359375 7.5
    endloop
  endfacet
  facet normal 0 1 0
    outer loop
      vertex 95.40623658895493 -21.9443359375 7.5
      vertex 120.88271494954824 -21.9443359375 7.5
      vertex 95.40623658895493 -21.9443359375 0.5
    endloop
  endfacet
  facet normal 0 -1 0
    outer loop
      vertex 94.8154296875 -24.9443359375 7.5
      vertex 117.865234375 -24.9443359375 0.5
      vertex 117.865234375 -24.9443359375 7.5
    endloop
  endfacet
  facet normal 0 0 1
    outer loop
      vertex 91.45604127645493 -26.7060546875 7.5
      vertex 92.865234375 -29.7060546875 7.5
      vertex 94.8154296875 -27.355213560163975 7.5
    endloop
  endfacet
  facet normal 0 0 1
    outer loop
      vertex 91.45604127645493 -26.7060546875 7.5
      vertex 94.8154296875 -27.355213560163975 7.5
      vertex 94.8154296875 -24.9443359375 7.5
    endloop
  endfacet
  facet normal 0 0 1
    outer loop
      vertex 91.45604127645493 -26.7060546875 7.5
      vertex 94.8154296875 -24.9443359375 7.5
      vertex 95.40623658895493 -21.9443359375 7.5
    endloop
  endfacet
  facet normal 0 0 1
    outer loop
      vertex 94.8154296875 -24.9443359375 7.5
      vertex 117.865234375 -24.9443359375 7.5
      vertex 95.40623658895493 -21.9443359375 7.5
    endloop
  endfacet
  facet normal 0 0 1
    outer loop
      vertex 95.40623658895493 -21.9443359375 7.5
      vertex 117.865234375 -24.9443359375 7.5
      vertex 120.88271494954824 -21.9443359375 7.5
    endloop
  endfacet
  facet normal 0 0 -1
    outer loop
      vertex 117.10051933676004 -135.0894785001874 -2.5
      vertex 114.70827685296535 -129.96212823688984 -2.5
      vertex 120.39065830409527 -131.498229496181 -2.5
    endloop
  endfacet
  facet normal 0 0 -1
    outer loop
      vertex 114.70827685296535 -129.96212823688984 -2.5
      vertex 117.99937719851732 -126.37293978780508 -2.5
      vertex 120.39065830409527 -131.498229496181 -2.5
    endloop
  endfacet
  facet normal -0.9062184221040013 -0.4228098525807247 0
    outer loop
      vertex 117.10051933676004 -135.0894785001874 -2.5
      vertex 114.70827685296535 -129.96212823688984 -0.5
      vertex 114.70827685296535 -129.96212823688984 -2.5
    endloop
  endfacet
  facet normal 0.9062184217846319 0.42280985326523685 0
    outer loop
      vertex 120.39065830409527 -131.498229496181 -2.5
      vertex 117.99937719851732 -126.37293978780508 -2.5
      vertex 120.39065830409527 -131.498229496181 0.5
    endloop
  endfacet
  facet normal 0 0 -1
    outer loop
      vertex 117.10051933676004 -135.0894785001874 -2.5
      vertex 120.39065830409527 -131.498229496181 -2.5
      vertex 154.47667172551155 -148.69410350173712 -2.5
    endloop
  endfacet
  facet normal -0.34203830449367567 -0.9396860104625862 0
    outer loop
      vertex 154.47667172551155 -148.69410350173712 -2.5
      vertex 117.10051933676004 -135.0894785001874 0.5
      vertex 117.10051933676004 -135.0894785001874 -2.5
    endloop
  endfacet
  facet normal -0.9062184221040013 -0.4228098525807247 0
    outer loop
      vertex 117.10051933676004 -135.0894785001874 -2.5
      vertex 114.70827685296535 -129.96212823688984 0.5
      vertex 114.70827685296535 -129.96212823688984 -0.5
    endloop
  endfacet
  facet normal -0.9062184221040014 -0.4228098525807247 0
    outer loop
      vertex 117.10051933676004 -135.0894785001874 -2.5
      vertex 117.10051933676004 -135.0894785001874 0.5
      vertex 114.70827685296535 -129.96212823688984 0.5
    endloop
  endfacet
  facet normal 0 0 -1
    outer loop
      vertex 120.39065830409527 -131.498229496181 -2.5
      vertex 158.22504304349422 -145.26964746415615 -2.5
      vertex 154.47667172551155 -148.69410350173712 -2.5
    endloop
  endfacet
  facet normal 0.34203830451500544 0.9396860104548224 0
    outer loop
      vertex 120.39065830409527 -131.498229496181 -2.5
      vertex 158.22504304349422 -145.26964746415615 0.5
      vertex 158.22504304349422 -145.26964746415615 -2.5
    endloop
  endfacet
  facet normal -0.34203830449367567 -0.9396860104625862 0
    outer loop
      vertex 154.47667172551155 -148.69410350173712 -2.5
      vertex 154.47667172551155 -148.69410350173712 0.5
      vertex 117.10051933676004 -135.0894785001874 0.5
    endloop
  endfacet
  facet normal 0.34203830451500544 0.9396860104548224 0
    outer loop
      vertex 120.39065830409527 -131.498229496181 -2.5
      vertex 120.39065830409527 -131.498229496181 0.5
      vertex 158.22504304349422 -145.26964746415615 0.5
    endloop
  endfacet
  facet normal 0 0 1
    outer loop
      vertex 120.39065830409527 -131.498229496181 0.5
      vertex 117.99937719851732 -126.37293978780508 0.5
      vertex 116.90234375 -127.5693359375 0.5
    endloop
  endfacet
  facet normal 0 0 1
    outer loop
      vertex 120.39065830409527 -131.498229496181 0.5
      vertex 116.90234375 -127.5693359375 0.5
      vertex 119.2939453125 -132.6953125 0.5
    endloop
  endfacet
  facet normal 0 0 1
    outer loop
      vertex 120.39065830409527 -131.498229496181 0.5
      vertex 119.2939453125 -132.6953125 0.5
      vertex 158.22504304349422 -145.26964746415615 0.5
    endloop
  endfacet
  facet normal 0 0 1
    outer loop
      vertex 158.22504304349422 -145.26964746415615 0.5
      vertex 119.2939453125 -132.6953125 0.5
      vertex 156.9755859375 -146.4111328125 0.5
    endloop
  endfacet
  facet normal 0.9062184217846319 0.42280985326523685 0
    outer loop
      vertex 117.99937719851732 -126.37293978780508 -2.5
      vertex 117.99937719851732 -126.37293978780508 0.5
      vertex 120.39065830409527 -131.498229496181 0.5
    endloop
  endfacet
  facet normal 0 0 -1
    outer loop
      vertex 156.18369574844837 -155.14134180545807 -2.5
      vertex 154.47667172551155 -148.69410350173712 -2.5
      vertex 159.9320779070258 -151.71692674607038 -2.5
    endloop
  endfacet
  facet normal 0 0 -1
    outer loop
      vertex 154.47667172551155 -148.69410350173712 -2.5
      vertex 158.22504304349422 -145.26964746415615 -2.5
      vertex 159.9320779070258 -151.71692674607038 -2.5
    endloop
  endfacet
  facet normal -0.9666903113321837 -0.2559489050113037 0
    outer loop
      vertex 156.18369574844837 -155.14134180545807 -2.5
      vertex 154.47667172551155 -148.69410350173712 0.5
      vertex 154.47667172551155 -148.69410350173712 -2.5
    endloop
  endfacet
  facet normal 0.9666903116708851 0.25594890373206747 0
    outer loop
      vertex 159.9320779070258 -151.71692674607038 -2.5
      vertex 158.22504304349422 -145.26964746415615 -2.5
      vertex 159.9320779070258 -151.71692674607038 0.5
    endloop
  endfacet
  facet normal 0 0 -1
    outer loop
      vertex 156.18369574844837 -155.14134180545807 -2.5
      vertex 177.5663988739252 -158.13597629219294 -2.5
      vertex 180.25587411224842 -163.90382865071297 -2.5
    endloop
  endfacet
  facet normal -0.3420522152892446 -0.9396809469259874 0
    outer loop
      vertex 156.18369574844837 -155.14134180545807 -2.5
      vertex 180.25587411224842 -163.90382865071297 -2.5
      vertex 156.18369574844837 -155.14134180545807 0.5
    endloop
  endfacet
  facet normal 0.3420522154903249 0.9396809468527924 0
    outer loop
      vertex 159.9320779070258 -151.71692674607038 -2.5
      vertex 177.5663988739252 -158.13597629219294 0.5
      vertex 177.5663988739252 -158.13597629219294 -2.5
    endloop
  endfacet
  facet normal 0 0 -1
    outer loop
      vertex 156.18369574844837 -155.14134180545807 -2.5
      vertex 159.9320779070258 -151.71692674607038 -2.5
      vertex 177.5663988739252 -158.13597629219294 -2.5
    endloop
  endfacet
  facet normal -0.9666903113321837 -0.2559489050113037 0
    outer loop
      vertex 156.18369574844837 -155.14134180545807 -2.5
      vertex 156.18369574844837 -155.14134180545807 0.5
      vertex 154.47667172551155 -148.69410350173712 0.5
    endloop
  endfacet
  facet normal 0.9666903116708851 0.25594890373206747 0
    outer loop
      vertex 158.22504304349422 -145.26964746415615 -2.5
      vertex 158.22504304349422 -145.26964746415615 0.5
      vertex 159.9320779070258 -151.71692674607038 0.5
    endloop
  endfacet
  facet normal -0.3420522152892446 -0.9396809469259874 0
    outer loop
      vertex 180.25587411224842 -163.90382865071297 -2.5
      vertex 180.25587411224842 -163.90382865071297 -0.5
      vertex 156.18369574844837 -155.14134180545807 0.5
    endloop
  endfacet
  facet normal 0.3420522154903249 0.9396809468527924 0
    outer loop
      vertex 159.9320779070258 -151.71692674607038 -2.5
      vertex 159.9320779070258 -151.71692674607038 0.5
      vertex 177.5663988739252 -158.13597629219294 0.5
    endloop
  endfacet
  facet normal 0 0 -1
    outer loop
      vertex 177.5663988739252 -158.13597629219294 -2.5
      vertex 182.12872686237097 -158.75820188224316 -2.5
      vertex 180.25587411224842 -163.90382865071297 -2.5
    endloop
  endfacet
  facet normal 0 0 -1
    outer loop
      vertex 177.5663988739252 -158.13597629219294 -2.5
      vertex 179.43946681916714 -152.99050030112267 -2.5
      vertex 182.12872686237097 -158.75820188224316 -2.5
    endloop
  endfacet
  facet normal 0.9396927516851765 -0.34201978368267116 0
    outer loop
      vertex 180.25587411224842 -163.90382865071297 -2.5
      vertex 182.12872686237097 -158.75820188224316 -2.5
      vertex 182.12872686237097 -158.75820188224316 -0.5
    endloop
  endfacet
  facet normal -0.3420352421258461 -0.9396871251346982 -3.0237268771512747e-15
    outer loop
      vertex 182.12872686237097 -158.75820188224316 -2.5
      vertex 182.12887884676456 -158.7582572028041 -2.5
      vertex 182.1287268664845 -158.75820188374044 -0.5
    endloop
  endfacet
  facet normal 0 0 -1
    outer loop
      vertex 177.5663988739252 -158.13597629219294 -2.5
      vertex 179.43922834843397 -152.9904135018587 -2.5
      vertex 179.43946681916714 -152.99050030112267 -2.5
    endloop
  endfacet
  facet normal 0 0 -1
    outer loop
      vertex 182.12872686237097 -158.75820188224316 -2.5
      vertex 179.43946681916714 -152.99050030112267 -2.5
      vertex 186.29714382439852 -134.15036426484585 -2.5
    endloop
  endfacet
  facet normal -0.9396927510691597 0.3420197853751652 0
    outer loop
      vertex 177.5663988739252 -158.13597629219294 -2.5
      vertex 179.43922834843397 -152.9904135018587 0.5
      vertex 179.43922834843397 -152.9904135018587 -2.5
    endloop
  endfacet
  facet normal 0.34203063526435373 0.9396888019661949 0
    outer loop
      vertex 179.43946681916714 -152.99050030112267 -2.5
      vertex 179.43922834843397 -152.9904135018587 -2.5
      vertex 179.43946681916714 -152.99050030112267 0.5
    endloop
  endfacet
  facet normal 0 0 -1
    outer loop
      vertex 182.12872686237097 -158.75820188224316 -2.5
      vertex 192.06489203125238 -131.46099021285772 -2.5
      vertex 182.12887884676456 -158.7582572028041 -2.5
    endloop
  endfacet
  facet normal 0.9396857553033716 -0.3420390054948882 0
    outer loop
      vertex 182.12887884676456 -158.7582572028041 -2.5
      vertex 192.06489203125238 -131.46099021285772 -2.5
      vertex 182.12887884676456 -158.7582572028041 0.5
    endloop
  endfacet
  facet normal 0.9396927516851765 -0.34201978368267116 0
    outer loop
      vertex 180.25587411224842 -163.90382865071297 -2.5
      vertex 182.12872686237097 -158.75820188224316 -0.5
      vertex 180.25587411224842 -163.90382865071297 -0.5
    endloop
  endfacet
  facet normal -0.3420365402732907 -0.9396866526230313 0
    outer loop
      vertex 182.12872686237097 -158.75820188224316 -2.5
      vertex 182.1287268664845 -158.75820188374044 -0.5
      vertex 182.12872686237097 -158.75820188224316 -0.5
    endloop
  endfacet
  facet normal -0.34203524209071007 -0.9396871251474872 0
    outer loop
      vertex 182.12887884676456 -158.7582572028041 -2.5
      vertex 182.1287268664845 -158.75820188374044 0.5
      vertex 182.1287268664845 -158.75820188374044 -0.5
    endloop
  endfacet
  facet normal -0.9396927510691597 0.3420197853751652 0
    outer loop
      vertex 177.5663988739252 -158.13597629219294 -2.5
      vertex 177.5663988739252 -158.13597629219294 0.5
      vertex 179.43922834843397 -152.9904135018587 0.5
    endloop
  endfacet
  facet normal 0 0 -1
    outer loop
      vertex 182.1287268664845 -158.75820188374044 -0.5
      vertex 180.25587411224842 -163.90382865071297 -0.5
      vertex 182.12872686237097 -158.75820188224316 -0.5
    endloop
  endfacet
  facet normal 0.9396927514117565 -0.34201978443388775 0
    outer loop
      vertex 182.1287268664845 -158.75820188374044 -0.5
      vertex 182.1287268664845 -158.75820188374044 0.5
      vertex 180.25587411224842 -163.90382865071297 -0.5
    endloop
  endfacet
  facet normal -0.34203524209071007 -0.9396871251474872 0
    outer loop
      vertex 182.12887884676456 -158.7582572028041 -2.5
      vertex 182.12887884676456 -158.7582572028041 0.5
      vertex 182.1287268664845 -158.75820188374044 0.5
    endloop
  endfacet
  facet normal 0.34203063526435373 0.9396888019661949 0
    outer loop
      vertex 179.43922834843397 -152.9904135018587 -2.5
      vertex 179.43922834843397 -152.9904135018587 0.5
      vertex 179.43946681916714 -152.99050030112267 0.5
    endloop
  endfacet
  facet normal -0.939685755251324 0.3420390056378787 0
    outer loop
      vertex 179.43946681916714 -152.99050030112267 -2.5
      vertex 179.43946681916714 -152.99050030112267 0.5
      vertex 186.29714382439852 -134.15036426484585 0.5
    endloop
  endfacet
  facet normal 0 0 -1
    outer loop
      vertex 182.12872686237097 -158.75820188224316 -2.5
      vertex 186.29714382439852 -134.15036426484585 -2.5
      vertex 192.0641816854477 -131.4607316404581 -2.5
    endloop
  endfacet
  facet normal 0 0 -1
    outer loop
      vertex 182.12872686237097 -158.75820188224316 -2.5
      vertex 192.0641816854477 -131.4607316404581 -2.5
      vertex 192.06489203125238 -131.46099021285772 -2.5
    endloop
  endfacet
  facet normal -0.939685755251324 0.3420390056378787 0
    outer loop
      vertex 179.43946681916714 -152.99050030112267 -2.5
      vertex 186.29714382439852 -134.15036426484585 0.5
      vertex 186.29714382439852 -134.15036426484585 -2.5
    endloop
  endfacet
  facet normal 0 0 -1
    outer loop
      vertex 186.29651997983456 -134.15013718605042 -2.5
      vertex 188.16921691596508 -129.00493852049112 -2.5
      vertex 186.29714382439852 -134.15036426484585 -2.5
    endloop
  endfacet
  facet normal 0 0 -1
    outer loop
      vertex 186.29714382439852 -134.15036426484585 -2.5
      vertex 188.16921691596508 -129.00493852049112 -2.5
      vertex 192.0641816854477 -131.4607316404581 -2.5
    endloop
  endfacet
  facet normal 0 0 -1
    outer loop
      vertex 188.16921691596508 -129.00493852049112 -2.5
      vertex 193.93695678561926 -126.31531826406717 -2.5
      vertex 192.0641816854477 -131.4607316404581 -2.5
    endloop
  endfacet
  facet normal -0.3420440092565179 -0.9396839339542458 0
    outer loop
      vertex 186.29651997983456 -134.15013718605042 -2.5
      vertex 186.29714382439852 -134.15036426484585 -2.5
      vertex 186.29651997983456 -134.15013718605042 0.5
    endloop
  endfacet
  facet normal -0.9396927515361397 0.34201978409214673 0
    outer loop
      vertex 186.29651997983456 -134.15013718605042 -2.5
      vertex 188.16921691596508 -129.00493852049112 0.5
      vertex 188.16921691596508 -129.00493852049112 -2.5
    endloop
  endfacet
  facet normal 0.34205246539752177 0.9396808558843142 0
    outer loop
      vertex 192.06489203125238 -131.46099021285772 -2.5
      vertex 192.0641816854477 -131.4607316404581 -2.5
      vertex 192.06489203125238 -131.46099021285772 0.5
    endloop
  endfacet
  facet normal 0.9396857553033716 -0.3420390054948882 0
    outer loop
      vertex 192.06489203125238 -131.46099021285772 -2.5
      vertex 192.06489203125238 -131.46099021285772 0.5
      vertex 182.12887884676456 -158.7582572028041 0.5
    endloop
  endfacet
  facet normal 0.3420519567043928 0.9396810410531311 0
    outer loop
      vertex 192.0641816854477 -131.4607316404581 -2.5
      vertex 192.0641816854477 -131.4607316404581 -0.5
      vertex 192.06418169751242 -131.46073164484977 -0.5
    endloop
  endfacet
  facet normal 0.939692750609794 -0.342019786637264 0
    outer loop
      vertex 192.0641816854477 -131.4607316404581 -2.5
      vertex 193.93695678561926 -126.31531826406717 -0.5
      vertex 192.0641816854477 -131.4607316404581 -0.5
    endloop
  endfacet
  facet normal 0.3420524654104818 0.9396808558795966 -3.475311301475372e-15
    outer loop
      vertex 192.0641816854477 -131.4607316404581 -2.5
      vertex 192.06418169751242 -131.46073164484977 -0.5
      vertex 192.06489203125238 -131.46099021285772 0.5
    endloop
  endfacet
  facet normal -0.3420440092565179 -0.9396839339542458 0
    outer loop
      vertex 186.29714382439852 -134.15036426484585 -2.5
      vertex 186.29714382439852 -134.15036426484585 0.5
      vertex 186.29651997983456 -134.15013718605042 0.5
    endloop
  endfacet
  facet normal -0.9396927515361397 0.34201978409214673 0
    outer loop
      vertex 186.29651997983456 -134.15013718605042 -2.5
      vertex 186.29651997983456 -134.15013718605042 0.5
      vertex 188.16921691596508 -129.00493852049112 0.5
    endloop
  endfacet
  facet normal 0 0 -1
    outer loop
      vertex 192.06418169751242 -131.46073164484977 -0.5
      vertex 192.0641816854477 -131.4607316404581 -0.5
      vertex 193.93695678561926 -126.31531826406717 -0.5
    endloop
  endfacet
  facet normal 0.9396927514117565 -0.3420197844338877 0
    outer loop
      vertex 193.93695678561926 -126.31531826406717 -0.5
      vertex 192.06418169751242 -131.46073164484977 0.5
      vertex 192.06418169751242 -131.46073164484977 -0.5
    endloop
  endfacet
  facet normal 0 0 1
    outer loop
      vertex 159.9320779070258 -151.71692674607038 0.5
      vertex 156.9755859375 -146.4111328125 0.5
      vertex 158.6826171875 -152.8583984375 0.5
    endloop
  endfacet
  facet normal 0 0 1
    outer loop
      vertex 159.9320779070258 -151.71692674607038 0.5
      vertex 158.22504304349422 -145.26964746415615 0.5
      vertex 156.9755859375 -146.4111328125 0.5
    endloop
  endfacet
  facet normal -0.3420522152892446 -0.9396809469259874 0
    outer loop
      vertex 180.25587411224842 -163.90382865071297 -0.5
      vertex 180.25587411224842 -163.90382865071297 0.5
      vertex 156.18369574844837 -155.14134180545807 0.5
    endloop
  endfacet
  facet normal 0 0 1
    outer loop
      vertex 177.5663988739252 -158.13597629219294 0.5
      vertex 158.6826171875 -152.8583984375 0.5
      vertex 178.462890625 -160.05859375 0.5
    endloop
  endfacet
  facet normal 0 0 1
    outer loop
      vertex 159.9320779070258 -151.71692674607038 0.5
      vertex 158.6826171875 -152.8583984375 0.5
      vertex 177.5663988739252 -158.13597629219294 0.5
    endloop
  endfacet
  facet normal 0.9396927514117565 -0.34201978443388775 0
    outer loop
      vertex 180.25587411224842 -163.90382865071297 -0.5
      vertex 182.1287268664845 -158.75820188374044 0.5
      vertex 180.25587411224842 -163.90382865071297 0.5
    endloop
  endfacet
  facet normal 0 0 1
    outer loop
      vertex 177.5663988739252 -158.13597629219294 0.5
      vertex 178.462890625 -160.05859375 0.5
      vertex 180.33572785556316 -154.91300962865353 0.5
    endloop
  endfacet
  facet normal 0 0 1
    outer loop
      vertex 177.5663988739252 -158.13597629219294 0.5
      vertex 180.33572785556316 -154.91300962865353 0.5
      vertex 179.43946681916714 -152.99050030112267 0.5
    endloop
  endfacet
  facet normal 0 0 1
    outer loop
      vertex 177.5663988739252 -158.13597629219294 0.5
      vertex 179.43946681916714 -152.99050030112267 0.5
      vertex 179.43922834843397 -152.9904135018587 0.5
    endloop
  endfacet
  facet normal 0 0 1
    outer loop
      vertex 179.43946681916714 -152.99050030112267 0.5
      vertex 180.33572785556316 -154.91300962865353 0.5
      vertex 180.3359375 -154.9130859375 0.5
    endloop
  endfacet
  facet normal 0 0 1
    outer loop
      vertex 179.43946681916714 -152.99050030112267 0.5
      vertex 180.3359375 -154.9130859375 0.5
      vertex 186.29714382439852 -134.15036426484585 0.5
    endloop
  endfacet
  facet normal 0 0 1
    outer loop
      vertex 182.12887884676456 -158.7582572028041 0.5
      vertex 192.06418169751242 -131.46073164484977 0.5
      vertex 182.1287268664845 -158.75820188374044 0.5
    endloop
  endfacet
  facet normal 0 0 1
    outer loop
      vertex 186.29714382439852 -134.15036426484585 0.5
      vertex 180.3359375 -154.9130859375 0.5
      vertex 188.2197265625 -133.25390625 0.5
    endloop
  endfacet
  facet normal 0 0 1
    outer loop
      vertex 182.12887884676456 -158.7582572028041 0.5
      vertex 192.06489203125238 -131.46099021285772 0.5
      vertex 192.06418169751242 -131.46073164484977 0.5
    endloop
  endfacet
  facet normal 0 0 1
    outer loop
      vertex 186.29714382439852 -134.15036426484585 0.5
      vertex 188.2197265625 -133.25390625 0.5
      vertex 188.21907388418913 -133.2536686733365 0.5
    endloop
  endfacet
  facet normal 0 0 1
    outer loop
      vertex 186.29651997983456 -134.15013718605042 0.5
      vertex 186.29714382439852 -134.15036426484585 0.5
      vertex 188.16921691596508 -129.00493852049112 0.5
    endloop
  endfacet
  facet normal 0 0 1
    outer loop
      vertex 186.29714382439852 -134.15036426484585 0.5
      vertex 188.21907388418913 -133.2536686733365 0.5
      vertex 188.16921691596508 -129.00493852049112 0.5
    endloop
  endfacet
  facet normal 0 0 1
    outer loop
      vertex 188.16921691596508 -129.00493852049112 0.5
      vertex 188.21907388418913 -133.2536686733365 0.5
      vertex 190.091796875 -128.1083984375 0.5
    endloop
  endfacet
  facet normal 0.3420524654061617 0.9396808558811691 0
    outer loop
      vertex 192.06489203125238 -131.46099021285772 0.5
      vertex 192.06418169751242 -131.46073164484977 -0.5
      vertex 192.06418169751242 -131.46073164484977 0.5
    endloop
  endfacet
  facet normal 0 0 -1
    outer loop
      vertex 171.90256153047085 -123.08476759493351 -2.5
      vertex 169.28242121636868 -114.05958952009678 -2.5
      vertex 175.5874550640583 -119.6371054276824 -2.5
    endloop
  endfacet
  facet normal 0 0 -1
    outer loop
      vertex 169.28242121636868 -114.05958952009678 -2.5
      vertex 174.0139378234744 -114.21706239879131 -2.5
      vertex 175.5874550640583 -119.6371054276824 -2.5
    endloop
  endfacet
  facet normal 0 0 -1
    outer loop
      vertex 169.28242121636868 -114.05958952009678 -2.5
      vertex 171.33132220059633 -108.43063941597939 -2.5
      vertex 174.0139378234744 -114.21706239879131 -2.5
    endloop
  endfacet
  facet normal -0.9603482973295082 -0.27880306278144484 0
    outer loop
      vertex 171.90256153047085 -123.08476759493351 -2.5
      vertex 169.28242121636868 -114.05958952009678 0.5
      vertex 169.28242121636868 -114.05958952009678 -2.5
    endloop
  endfacet
  facet normal -0.9603482973295082 -0.27880306278144484 0
    outer loop
      vertex 171.90256153047085 -123.08476759493351 -2.5
      vertex 171.90256153047085 -123.08476759493351 0.5
      vertex 169.28242121636868 -114.05958952009678 0.5
    endloop
  endfacet
  facet normal -0.9396856083688974 0.34203940916855663 0
    outer loop
      vertex 169.28242121636868 -114.05958952009678 -2.5
      vertex 169.28242121636868 -114.05958952009678 0.5
      vertex 171.33132220059633 -108.43063941597939 0.5
    endloop
  endfacet
  facet normal -0.34204578407183167 -0.9396832879213537 0
    outer loop
      vertex 158.13611376285553 -103.62756855785847 -2.5
      vertex 171.33132220059633 -108.43063941597939 -2.5
      vertex 158.13611376285553 -103.62756855785847 0.5
    endloop
  endfacet
  facet normal 0 0 -1
    outer loop
      vertex 158.13611376285553 -103.62756855785847 -2.5
      vertex 154.365234375 -97.97805611044168 -2.5
      vertex 161.06055711209774 -99.90322171151638 -2.5
    endloop
  endfacet
  facet normal 0 0 -1
    outer loop
      vertex 154.365234375 -97.97805611044168 -2.5
      vertex 158.865234375 -96.61420027911663 -2.5
      vertex 161.06055711209774 -99.90322171151638 -2.5
    endloop
  endfacet
  facet normal 0 0 -1
    outer loop
      vertex 154.365234375 -97.97805611044168 -2.5
      vertex 158.865234375 -93.3740234375 -2.5
      vertex 158.865234375 -96.61420027911663 -2.5
    endloop
  endfacet
  facet normal 0 0 -1
    outer loop
      vertex 154.365234375 -97.97805611044168 -2.5
      vertex 154.365234375 -88.8740234375 -2.5
      vertex 158.865234375 -93.3740234375 -2.5
    endloop
  endfacet
  facet normal -0.8317418280887119 -0.5551626170840825 0
    outer loop
      vertex 158.13611376285553 -103.62756855785847 -2.5
      vertex 154.365234375 -97.97805611044168 0.5
      vertex 154.365234375 -97.97805611044168 -2.5
    endloop
  endfacet
  facet normal 0.8317418280126608 0.5551626171980221 0
    outer loop
      vertex 161.06055711209774 -99.90322171151638 -2.5
      vertex 158.865234375 -96.61420027911663 -2.5
      vertex 158.865234375 -96.61420027911663 -0.5
    endloop
  endfacet
  facet normal 1 0 0
    outer loop
      vertex 158.865234375 -96.61420027911663 -2.5
      vertex 158.865234375 -93.3740234375 -2.5
      vertex 158.865234375 -93.3740234375 -0.5
    endloop
  endfacet
  facet normal 0 0 -1
    outer loop
      vertex 158.13611376285553 -103.62756855785847 -2.5
      vertex 161.06055711209774 -99.90322171151638 -2.5
      vertex 171.33132220059633 -108.43063941597939 -2.5
    endloop
  endfacet
  facet normal 0 0 -1
    outer loop
      vertex 161.06055711209774 -99.90322171151638 -2.5
      vertex 177.09907434135675 -105.74126021564007 -2.5
      vertex 171.33132220059633 -108.43063941597939 -2.5
    endloop
  endfacet
  facet normal -0.9396856083688974 0.34203940916855663 0
    outer loop
      vertex 169.28242121636868 -114.05958952009678 -2.5
      vertex 171.33132220059633 -108.43063941597939 0.5
      vertex 171.33132220059633 -108.43063941597939 -2.5
    endloop
  endfacet
  facet normal 0.34204578492711113 0.9396832876100312 -1.6652041442046047e-15
    outer loop
      vertex 161.06055711209774 -99.90322171151638 -2.5
      vertex 174.28006646261028 -104.7151381431129 -0.5
      vertex 177.09907434135675 -105.74126021564007 -2.5
    endloop
  endfacet
  facet normal 0 -1 0
    outer loop
      vertex 158.865234375 -93.3740234375 -2.5
      vertex 175.85000000149012 -93.3740234375 -2.5
      vertex 175.85000000149012 -93.3740234375 -0.5
    endloop
  endfacet
  facet normal 0.8317418280126608 0.5551626171980221 0
    outer loop
      vertex 161.06055711209774 -99.90322171151638 -2.5
      vertex 158.865234375 -96.61420027911663 -0.5
      vertex 161.06055711209774 -99.90322171151638 -0.5
    endloop
  endfacet
  facet normal 0.34204611136228524 0.9396831687871925 0
    outer loop
      vertex 161.06055711209774 -99.90322171151638 -2.5
      vertex 161.06055711209774 -99.90322171151638 -0.5
      vertex 161.06055711826417 -99.90322171376097 -0.5
    endloop
  endfacet
  facet normal 1 0 0
    outer loop
      vertex 158.865234375 -96.61420027911663 -2.5
      vertex 158.865234375 -96.61420027166605 -0.5
      vertex 158.865234375 -96.61420027911663 -0.5
    endloop
  endfacet
  facet normal 1 0 0
    outer loop
      vertex 158.865234375 -96.61420027911663 -2.5
      vertex 158.865234375 -93.3740234375 -0.5
      vertex 158.865234375 -96.61420027166605 -0.5
    endloop
  endfacet
  facet normal -0.8317418280887119 -0.5551626170840825 0
    outer loop
      vertex 158.13611376285553 -103.62756855785847 -2.5
      vertex 158.13611376285553 -103.62756855785847 0.5
      vertex 154.365234375 -97.97805611044168 0.5
    endloop
  endfacet
  facet normal -1 0 0
    outer loop
      vertex 154.365234375 -97.97805611044168 -2.5
      vertex 154.365234375 -97.97805611044168 0.5
      vertex 154.365234375 -88.8740234375 0.5
    endloop
  endfacet
  facet normal 0 0 -1
    outer loop
      vertex 161.06055711826417 -99.90322171376097 -0.5
      vertex 161.06055711209774 -99.90322171151638 -0.5
      vertex 158.865234375 -96.61420027911663 -0.5
    endloop
  endfacet
  facet normal 0 0 -1
    outer loop
      vertex 158.865234375 -96.61420027166605 -0.5
      vertex 161.06055711826417 -99.90322171376097 -0.5
      vertex 158.865234375 -96.61420027911663 -0.5
    endloop
  endfacet
  facet normal 0.8317418280482526 0.5551626171446984 0
    outer loop
      vertex 158.865234375 -96.61420027166605 -0.5
      vertex 161.06055711826417 -99.90322171376097 0.5
      vertex 161.06055711826417 -99.90322171376097 -0.5
    endloop
  endfacet
  facet normal 1 0 0
    outer loop
      vertex 158.865234375 -96.61420027166605 -0.5
      vertex 158.865234375 -93.3740234375 -0.5
      vertex 158.865234375 -93.77904554177076 0.5
    endloop
  endfacet
  facet normal 0.3420457849271109 0.9396832876100312 0
    outer loop
      vertex 161.06055711209774 -99.90322171151638 -2.5
      vertex 174.28006646261028 -104.7151381431129 0.5
      vertex 174.28006646261028 -104.7151381431129 -0.5
    endloop
  endfacet
  facet normal -0.34204578407183167 -0.9396832879213537 0
    outer loop
      vertex 171.33132220059633 -108.43063941597939 -2.5
      vertex 171.33132220059633 -108.43063941597939 0.5
      vertex 158.13611376285553 -103.62756855785847 0.5
    endloop
  endfacet
  facet normal 0.34204578492711063 0.9396832876100313 1.1398242724006862e-15
    outer loop
      vertex 161.06055711209774 -99.90322171151638 -2.5
      vertex 161.06055711826417 -99.90322171376097 -0.5
      vertex 174.28006646261028 -104.7151381431129 0.5
    endloop
  endfacet
  facet normal 0 -1 0
    outer loop
      vertex 158.865234375 -93.3740234375 -2.5
      vertex 175.85000000149012 -93.3740234375 -0.5
      vertex 158.865234375 -93.3740234375 -0.5
    endloop
  endfacet
  facet normal 0 -1 0
    outer loop
      vertex 158.865234375 -93.3740234375 -0.5
      vertex 175.85000000149012 -93.3740234375 -0.5
      vertex 158.865234375 -93.3740234375 0.5
    endloop
  endfacet
  facet normal 0 0 -1
    outer loop
      vertex 188.16921691596508 -129.00493852049112 -2.5
      vertex 171.90256153047085 -123.08476759493351 -2.5
      vertex 175.5874550640583 -119.6371054276824 -2.5
    endloop
  endfacet
  facet normal -0.34199935907828216 -0.9397001853729966 0
    outer loop
      vertex 188.16921691596508 -129.00493852049112 -2.5
      vertex 171.90256153047085 -123.08476759493351 0.5
      vertex 171.90256153047085 -123.08476759493351 -2.5
    endloop
  endfacet
  facet normal 0.9603482970355156 0.2788030637941148 0
    outer loop
      vertex 175.5874550640583 -119.6371054276824 -2.5
      vertex 174.0139378234744 -114.21706239879131 -2.5
      vertex 174.0139378234744 -114.21706239879131 -0.5
    endloop
  endfacet
  facet normal 0.9396856078094604 -0.3420394107054992 -4.6921984428004005e-15
    outer loop
      vertex 174.0139378234744 -114.21706239879131 -2.5
      vertex 177.09907434135675 -105.74126021564007 -2.5
      vertex 174.01393782485485 -114.21706239499885 -0.5
    endloop
  endfacet
  facet normal 0 0 -1
    outer loop
      vertex 188.16921691596508 -129.00493852049112 -2.5
      vertex 175.5874550640583 -119.6371054276824 -2.5
      vertex 193.93695678561926 -126.31531826406717 -2.5
    endloop
  endfacet
  facet normal 0.3419993596620845 0.9397001851605247 0
    outer loop
      vertex 175.5874550640583 -119.6371054276824 -2.5
      vertex 193.93695678561926 -126.31531826406717 -0.5
      vertex 193.93695678561926 -126.31531826406717 -2.5
    endloop
  endfacet
  facet normal 0.939692750609794 -0.342019786637264 0
    outer loop
      vertex 192.0641816854477 -131.4607316404581 -2.5
      vertex 193.93695678561926 -126.31531826406717 -2.5
      vertex 193.93695678561926 -126.31531826406717 -0.5
    endloop
  endfacet
  facet normal 0.3419993596620845 0.9397001851605247 0
    outer loop
      vertex 175.5874550640583 -119.6371054276824 -2.5
      vertex 175.5874550640583 -119.6371054276824 -0.5
      vertex 193.93695678561926 -126.31531826406717 0.5
    endloop
  endfacet
  facet normal -0.34199935907828216 -0.9397001853729966 0
    outer loop
      vertex 188.16921691596508 -129.00493852049112 -2.5
      vertex 188.16921691596508 -129.00493852049112 0.5
      vertex 171.90256153047085 -123.08476759493351 0.5
    endloop
  endfacet
  facet normal 0.9603482970355156 0.2788030637941148 0
    outer loop
      vertex 175.5874550640583 -119.6371054276824 -2.5
      vertex 174.0139378234744 -114.21706239879131 -0.5
      vertex 175.5874550640583 -119.6371054276824 -0.5
    endloop
  endfacet
  facet normal 0.9396848124846535 -0.34204159569514575 0
    outer loop
      vertex 174.0139378234744 -114.21706239879131 -2.5
      vertex 174.01393782485485 -114.21706239499885 -0.5
      vertex 174.0139378234744 -114.21706239879131 -0.5
    endloop
  endfacet
  facet normal 0.9396856078094606 -0.3420394107054982 0
    outer loop
      vertex 177.09907434135675 -105.74126021564007 -2.5
      vertex 174.01393782485485 -114.21706239499885 0.5
      vertex 174.01393782485485 -114.21706239499885 -0.5
    endloop
  endfacet
  facet normal 0 0 -1
    outer loop
      vertex 175.5874550640583 -119.6371054276824 -0.5
      vertex 174.0139378234744 -114.21706239879131 -0.5
      vertex 174.01393782485485 -114.21706239499885 -0.5
    endloop
  endfacet
  facet normal 0.9603482971532377 0.27880306338861643 0
    outer loop
      vertex 174.01393782485485 -114.21706239499885 0.5
      vertex 175.5874550640583 -119.6371054276824 -0.5
      vertex 174.01393782485485 -114.21706239499885 -0.5
    endloop
  endfacet
  facet normal 0.3419993596620845 0.9397001851605247 0
    outer loop
      vertex 175.5874550640583 -119.6371054276824 -2.5
      vertex 193.93695678561926 -126.31531826406717 0.5
      vertex 193.93695678561926 -126.31531826406717 -0.5
    endloop
  endfacet
  facet normal 0 0 -1
    outer loop
      vertex 171.33132220059633 -108.43063941597939 -2.5
      vertex 177.09907434135675 -105.74126021564007 -2.5
      vertex 174.0139378234744 -114.21706239879131 -2.5
    endloop
  endfacet
  facet normal 0.93968560780946 -0.34203941070549987 0
    outer loop
      vertex 177.09907434135675 -105.74126021564007 -2.5
      vertex 177.09907434135675 -105.74126021564007 -0.5
      vertex 176.07291115673075 -108.56044053719437 -0.5
    endloop
  endfacet
  facet normal 0.9396856078094612 -0.3420394107054965 5.5024400700407726e-15
    outer loop
      vertex 177.09907434135675 -105.74126021564007 -2.5
      vertex 176.07291115673075 -108.56044053719437 -0.5
      vertex 174.01393782485485 -114.21706239499885 0.5
    endloop
  endfacet
  facet normal 0.34204578492711224 0.9396832876100306 0
    outer loop
      vertex 177.09907434135675 -105.74126021564007 -2.5
      vertex 174.28006646261028 -104.7151381431129 -0.5
      vertex 177.09907434135675 -105.74126021564007 -0.5
    endloop
  endfacet
  facet normal 0 0 -1
    outer loop
      vertex 177.09928972274065 -105.74124819785357 -0.5
      vertex 176.07291115673075 -108.56044053719437 -0.5
      vertex 177.09907434135675 -105.74126021564007 -0.5
    endloop
  endfacet
  facet normal 0.9396630008368312 -0.34210151250516496 0
    outer loop
      vertex 177.09928972274065 -105.74124819785357 -0.5
      vertex 176.07291115673075 -108.56044053719437 0.5
      vertex 176.07291115673075 -108.56044053719437 -0.5
    endloop
  endfacet
  facet normal 0 0 -1
    outer loop
      vertex 177.09928972274065 -105.74124819785357 -0.5
      vertex 177.09907434135675 -105.74126021564007 -0.5
      vertex 174.28006646261028 -104.7151381431129 -0.5
    endloop
  endfacet
  facet normal 0.3420191733170476 0.9396929738396066 0
    outer loop
      vertex 177.09928972274065 -105.74124819785357 -0.5
      vertex 174.28006646261028 -104.7151381431129 -0.5
      vertex 174.28006646261028 -104.7151381431129 0.5
    endloop
  endfacet
  facet normal 0 0 1
    outer loop
      vertex 171.90256153047085 -123.08476759493351 0.5
      vertex 173.130859375 -121.935546875 0.5
      vertex 169.28242121636868 -114.05958952009678 0.5
    endloop
  endfacet
  facet normal 0 0 1
    outer loop
      vertex 169.28242121636868 -114.05958952009678 0.5
      vertex 173.130859375 -121.935546875 0.5
      vertex 170.85959342122078 -114.11208048462868 0.5
    endloop
  endfacet
  facet normal 0 0 1
    outer loop
      vertex 169.28242121636868 -114.05958952009678 0.5
      vertex 170.85959342122078 -114.11208048462868 0.5
      vertex 171.33132220059633 -108.43063941597939 0.5
    endloop
  endfacet
  facet normal 0 0 1
    outer loop
      vertex 158.13611376285553 -103.62756855785847 0.5
      vertex 159.11092821508646 -102.3861196115613 0.5
      vertex 154.365234375 -97.97805611044168 0.5
    endloop
  endfacet
  facet normal 0 0 1
    outer loop
      vertex 154.365234375 -97.97805611044168 0.5
      vertex 159.11092821508646 -102.3861196115613 0.5
      vertex 155.865234375 -97.5234375 0.5
    endloop
  endfacet
  facet normal 0 0 1
    outer loop
      vertex 154.365234375 -97.97805611044168 0.5
      vertex 155.865234375 -97.5234375 0.5
      vertex 154.365234375 -88.8740234375 0.5
    endloop
  endfacet
  facet normal 1 0 0
    outer loop
      vertex 158.865234375 -93.3740234375 -0.5
      vertex 158.865234375 -93.3740234375 0.5
      vertex 158.865234375 -93.77904554177076 0.5
    endloop
  endfacet
  facet normal 0 0 1
    outer loop
      vertex 158.13611376285553 -103.62756855785847 0.5
      vertex 171.33132220059633 -108.43063941597939 0.5
      vertex 173.25390625 -107.5341796875 0.5
    endloop
  endfacet
  facet normal 0 0 1
    outer loop
      vertex 158.13611376285553 -103.62756855785847 0.5
      vertex 173.25390625 -107.5341796875 0.5
      vertex 159.11092821508646 -102.3861196115613 0.5
    endloop
  endfacet
  facet normal 0 0 1
    outer loop
      vertex 171.33132220059633 -108.43063941597939 0.5
      vertex 170.85959342122078 -114.11208048462868 0.5
      vertex 173.25390625 -107.5341796875 0.5
    endloop
  endfacet
  facet normal 0.34204578492711074 0.9396832876100312 0
    outer loop
      vertex 161.06055711826417 -99.90322171376097 -0.5
      vertex 161.06055711826417 -99.90322171376097 0.5
      vertex 174.28006646261028 -104.7151381431129 0.5
    endloop
  endfacet
  facet normal 0 0 1
    outer loop
      vertex 161.06093091517687 -99.90378173440695 0.5
      vertex 174.28006646261028 -104.7151381431129 0.5
      vertex 161.06055711826417 -99.90322171376097 0.5
    endloop
  endfacet
  facet normal 0 0 1
    outer loop
      vertex 171.90256153047085 -123.08476759493351 0.5
      vertex 190.091796875 -128.1083984375 0.5
      vertex 173.130859375 -121.935546875 0.5
    endloop
  endfacet
  facet normal 0 0 1
    outer loop
      vertex 188.16921691596508 -129.00493852049112 0.5
      vertex 190.091796875 -128.1083984375 0.5
      vertex 171.90256153047085 -123.08476759493351 0.5
    endloop
  endfacet
  facet normal 0.3419993596620845 0.9397001851605247 0
    outer loop
      vertex 193.93695678561926 -126.31531826406717 0.5
      vertex 175.5874550640583 -119.6371054276824 -0.5
      vertex 175.5874550640583 -119.6371054276824 0.5
    endloop
  endfacet
  facet normal 0.9603482971532377 0.27880306338861643 0
    outer loop
      vertex 174.01393782485485 -114.21706239499885 0.5
      vertex 175.5874550640583 -119.6371054276824 0.5
      vertex 175.5874550640583 -119.6371054276824 -0.5
    endloop
  endfacet
  facet normal 0 0 1
    outer loop
      vertex 174.01374999433756 -114.21641540527344 0.5
      vertex 174.01393782485485 -114.21706239499885 0.5
      vertex 176.07291115673075 -108.56044053719437 0.5
    endloop
  endfacet
  facet normal 0.939685607809461 -0.34203941070549737 0
    outer loop
      vertex 176.07291115673075 -108.56044053719437 -0.5
      vertex 176.07291115673075 -108.56044053719437 0.5
      vertex 174.01393782485485 -114.21706239499885 0.5
    endloop
  endfacet
  facet normal -0.9062184221040014 -0.4228098525807247 0
    outer loop
      vertex 114.70827685296535 -129.96212823688984 7.5
      vertex 114.70827685296535 -129.96212823688984 0.5
      vertex 117.10051933676004 -135.0894785001874 0.5
    endloop
  endfacet
  facet normal 0.906218422137837 0.42280985250820396 0
    outer loop
      vertex 119.2939453125 -132.6953125 7.5
      vertex 119.2939453125 -132.6953125 0.5
      vertex 116.90234375 -127.5693359375 0.5
    endloop
  endfacet
  facet normal -0.3420383044936757 -0.9396860104625863 0
    outer loop
      vertex 117.10051933676004 -135.0894785001874 7.5
      vertex 117.10051933676004 -135.0894785001874 0.5
      vertex 154.47667172551155 -148.69410350173712 0.5
    endloop
  endfacet
  facet normal 0.3420383044880474 0.9396860104646348 0
    outer loop
      vertex 156.9755859375 -146.4111328125 7.5
      vertex 156.9755859375 -146.4111328125 0.5
      vertex 119.2939453125 -132.6953125 0.5
    endloop
  endfacet
  facet normal -0.9062184221040014 -0.4228098525807247 0
    outer loop
      vertex 117.10051933676004 -135.0894785001874 7.5
      vertex 114.70827685296535 -129.96212823688984 7.5
      vertex 117.10051933676004 -135.0894785001874 0.5
    endloop
  endfacet
  facet normal 0.906218422137837 0.42280985250820396 0
    outer loop
      vertex 119.2939453125 -132.6953125 7.5
      vertex 116.90234375 -127.5693359375 0.5
      vertex 116.90234375 -127.5693359375 7.5
    endloop
  endfacet
  facet normal 0.3420383044880474 0.9396860104646348 0
    outer loop
      vertex 119.2939453125 -132.6953125 7.5
      vertex 156.9755859375 -146.4111328125 7.5
      vertex 119.2939453125 -132.6953125 0.5
    endloop
  endfacet
  facet normal 0 0 1
    outer loop
      vertex 117.10051933676004 -135.0894785001874 7.5
      vertex 119.2939453125 -132.6953125 7.5
      vertex 114.70827685296535 -129.96212823688984 7.5
    endloop
  endfacet
  facet normal 0 0 1
    outer loop
      vertex 114.70827685296535 -129.96212823688984 7.5
      vertex 119.2939453125 -132.6953125 7.5
      vertex 116.90234375 -127.5693359375 7.5
    endloop
  endfacet
  facet normal 0 0 1
    outer loop
      vertex 117.10051933676004 -135.0894785001874 7.5
      vertex 154.47667172551155 -148.69410350173712 7.5
      vertex 119.2939453125 -132.6953125 7.5
    endloop
  endfacet
  facet normal -0.3420383044936757 -0.9396860104625863 0
    outer loop
      vertex 117.10051933676004 -135.0894785001874 7.5
      vertex 154.47667172551155 -148.69410350173712 0.5
      vertex 154.47667172551155 -148.69410350173712 7.5
    endloop
  endfacet
  facet normal 0 0 1
    outer loop
      vertex 119.2939453125 -132.6953125 7.5
      vertex 154.47667172551155 -148.69410350173712 7.5
      vertex 156.9755859375 -146.4111328125 7.5
    endloop
  endfacet
  facet normal -0.9666903113321839 -0.2559489050113037 0
    outer loop
      vertex 154.47667172551155 -148.69410350173712 7.5
      vertex 154.47667172551155 -148.69410350173712 0.5
      vertex 156.18369574844837 -155.14134180545807 0.5
    endloop
  endfacet
  facet normal 0.9666903115823794 0.2559489040663434 0
    outer loop
      vertex 158.6826171875 -152.8583984375 7.5
      vertex 158.6826171875 -152.8583984375 0.5
      vertex 156.9755859375 -146.4111328125 0.5
    endloop
  endfacet
  facet normal -0.3420522152892446 -0.9396809469259875 0
    outer loop
      vertex 156.18369574844837 -155.14134180545807 7.5
      vertex 156.18369574844837 -155.14134180545807 0.5
      vertex 180.25587411224842 -163.90382865071297 0.5
    endloop
  endfacet
  facet normal 0.34205221533291097 0.9396809469100925 0
    outer loop
      vertex 178.462890625 -160.05859375 7.5
      vertex 178.462890625 -160.05859375 0.5
      vertex 158.6826171875 -152.8583984375 0.5
    endloop
  endfacet
  facet normal 0.9396927514117563 -0.3420197844338877 0
    outer loop
      vertex 180.25587411224842 -163.90382865071297 7.5
      vertex 180.25587411224842 -163.90382865071297 0.5
      vertex 182.1287268664845 -158.75820188374044 0.5
    endloop
  endfacet
  facet normal -0.9396927515263758 0.3420197841189731 0
    outer loop
      vertex 180.33572785556316 -154.91300962865353 7.5
      vertex 180.33572785556316 -154.91300962865353 0.5
      vertex 178.462890625 -160.05859375 0.5
    endloop
  endfacet
  facet normal 0.34203800032360143 0.9396861211780411 0
    outer loop
      vertex 180.3359375 -154.9130859375 7.5
      vertex 180.3359375 -154.9130859375 0.5
      vertex 180.33572785556316 -154.91300962865353 0.5
    endloop
  endfacet
  facet normal 0.9396927514117563 -0.3420197844338879 -1.7471317004805014e-16
    outer loop
      vertex 180.25587411224842 -163.90382865071297 7.5
      vertex 182.1287268664845 -158.75820188374044 0.5
      vertex 192.06418169751242 -131.46073164484977 0.5
    endloop
  endfacet
  facet normal 0.9396927514117572 -0.3420197844338855 1.4942206160256498e-14
    outer loop
      vertex 180.25587411224842 -163.90382865071297 7.5
      vertex 192.06418169751242 -131.46073164484977 0.5
      vertex 193.93695678561926 -126.31531826406717 -0.5
    endloop
  endfacet
  facet normal -0.9396857553078205 0.34203900548266536 0
    outer loop
      vertex 188.2197265625 -133.25390625 7.5
      vertex 188.2197265625 -133.25390625 0.5
      vertex 180.3359375 -154.9130859375 0.5
    endloop
  endfacet
  facet normal 0.9396927514117563 -0.34201978443388786 0
    outer loop
      vertex 180.25587411224842 -163.90382865071297 7.5
      vertex 193.93695678561926 -126.31531826406717 -0.5
      vertex 193.93695678561926 -126.31531826406717 0.5
    endloop
  endfacet
  facet normal -0.342047077027676 -0.9396828172829506 0
    outer loop
      vertex 188.21907388418913 -133.2536686733365 7.5
      vertex 188.21907388418913 -133.2536686733365 0.5
      vertex 188.2197265625 -133.25390625 0.5
    endloop
  endfacet
  facet normal -0.9396927512273493 0.34201978494054275 0
    outer loop
      vertex 190.091796875 -128.1083984375 7.5
      vertex 190.091796875 -128.1083984375 0.5
      vertex 188.21907388418913 -133.2536686733365 0.5
    endloop
  endfacet
  facet normal -0.9666903113321839 -0.2559489050113037 0
    outer loop
      vertex 156.18369574844837 -155.14134180545807 7.5
      vertex 154.47667172551155 -148.69410350173712 7.5
      vertex 156.18369574844837 -155.14134180545807 0.5
    endloop
  endfacet
  facet normal 0.9666903115823794 0.2559489040663434 0
    outer loop
      vertex 156.9755859375 -146.4111328125 7.5
      vertex 158.6826171875 -152.8583984375 7.5
      vertex 156.9755859375 -146.4111328125 0.5
    endloop
  endfacet
  facet normal 0.34205221533291097 0.9396809469100925 0
    outer loop
      vertex 158.6826171875 -152.8583984375 7.5
      vertex 178.462890625 -160.05859375 7.5
      vertex 158.6826171875 -152.8583984375 0.5
    endloop
  endfacet
  facet normal -0.3420522152892446 -0.9396809469259875 0
    outer loop
      vertex 156.18369574844837 -155.14134180545807 7.5
      vertex 180.25587411224842 -163.90382865071297 0.5
      vertex 180.25587411224842 -163.90382865071297 7.5
    endloop
  endfacet
  facet normal 0 0 1
    outer loop
      vertex 156.18369574844837 -155.14134180545807 7.5
      vertex 158.6826171875 -152.8583984375 7.5
      vertex 154.47667172551155 -148.69410350173712 7.5
    endloop
  endfacet
  facet normal 0 0 1
    outer loop
      vertex 154.47667172551155 -148.69410350173712 7.5
      vertex 158.6826171875 -152.8583984375 7.5
      vertex 156.9755859375 -146.4111328125 7.5
    endloop
  endfacet
  facet normal 0 0 1
    outer loop
      vertex 156.18369574844837 -155.14134180545807 7.5
      vertex 180.25587411224842 -163.90382865071297 7.5
      vertex 158.6826171875 -152.8583984375 7.5
    endloop
  endfacet
  facet normal 0 0 1
    outer loop
      vertex 158.6826171875 -152.8583984375 7.5
      vertex 180.25587411224842 -163.90382865071297 7.5
      vertex 178.462890625 -160.05859375 7.5
    endloop
  endfacet
  facet normal -0.9396927515263758 0.3420197841189731 0
    outer loop
      vertex 178.462890625 -160.05859375 7.5
      vertex 180.33572785556316 -154.91300962865353 7.5
      vertex 178.462890625 -160.05859375 0.5
    endloop
  endfacet
  facet normal 0.34203800032360143 0.9396861211780411 0
    outer loop
      vertex 180.3359375 -154.9130859375 7.5
      vertex 180.33572785556316 -154.91300962865353 0.5
      vertex 180.33572785556316 -154.91300962865353 7.5
    endloop
  endfacet
  facet normal -0.9396857553078205 0.34203900548266536 0
    outer loop
      vertex 180.3359375 -154.9130859375 7.5
      vertex 188.2197265625 -133.25390625 7.5
      vertex 180.3359375 -154.9130859375 0.5
    endloop
  endfacet
  facet normal 0 0 1
    outer loop
      vertex 178.462890625 -160.05859375 7.5
      vertex 180.3359375 -154.9130859375 7.5
      vertex 180.33572785556316 -154.91300962865353 7.5
    endloop
  endfacet
  facet normal 0 0 1
    outer loop
      vertex 178.462890625 -160.05859375 7.5
      vertex 180.25587411224842 -163.90382865071297 7.5
      vertex 193.93695678561926 -126.31531826406717 7.5
    endloop
  endfacet
  facet normal 0 0 1
    outer loop
      vertex 178.462890625 -160.05859375 7.5
      vertex 193.93695678561926 -126.31531826406717 7.5
      vertex 180.3359375 -154.9130859375 7.5
    endloop
  endfacet
  facet normal 0.9396927514117563 -0.34201978443388786 0
    outer loop
      vertex 180.25587411224842 -163.90382865071297 7.5
      vertex 193.93695678561926 -126.31531826406717 0.5
      vertex 193.93695678561926 -126.31531826406717 7.5
    endloop
  endfacet
  facet normal -0.342047077027676 -0.9396828172829506 0
    outer loop
      vertex 188.21907388418913 -133.2536686733365 7.5
      vertex 188.2197265625 -133.25390625 0.5
      vertex 188.2197265625 -133.25390625 7.5
    endloop
  endfacet
  facet normal -0.9396927512273493 0.34201978494054275 0
    outer loop
      vertex 188.21907388418913 -133.2536686733365 7.5
      vertex 190.091796875 -128.1083984375 7.5
      vertex 188.21907388418913 -133.2536686733365 0.5
    endloop
  endfacet
  facet normal 0 0 1
    outer loop
      vertex 180.3359375 -154.9130859375 7.5
      vertex 193.93695678561926 -126.31531826406717 7.5
      vertex 188.2197265625 -133.25390625 7.5
    endloop
  endfacet
  facet normal 0 0 1
    outer loop
      vertex 188.21907388418913 -133.2536686733365 7.5
      vertex 188.2197265625 -133.25390625 7.5
      vertex 190.091796875 -128.1083984375 7.5
    endloop
  endfacet
  facet normal 0 0 1
    outer loop
      vertex 188.2197265625 -133.25390625 7.5
      vertex 193.93695678561926 -126.31531826406717 7.5
      vertex 190.091796875 -128.1083984375 7.5
    endloop
  endfacet
  facet normal -0.9603482973195445 -0.27880306281576545 0
    outer loop
      vertex 170.85959342122078 -114.11208048462868 7.5
      vertex 170.85959342122078 -114.11208048462868 0.5
      vertex 173.130859375 -121.935546875 0.5
    endloop
  endfacet
  facet normal -0.8317418280063393 -0.5551626172074927 0
    outer loop
      vertex 155.865234375 -97.5234375 7.5
      vertex 155.865234375 -97.5234375 0.5
      vertex 159.11092821508646 -102.3861196115613 0.5
    endloop
  endfacet
  facet normal 0.8317418280482528 0.5551626171446982 -1.3797583600520702e-15
    outer loop
      vertex 158.865234375 -96.61420027166605 -0.5
      vertex 161.06093091517687 -99.90378173440695 7.5
      vertex 161.06055711826417 -99.90322171376097 0.5
    endloop
  endfacet
  facet normal 0.8317418280402094 0.5551626171567489 0
    outer loop
      vertex 161.06093091517687 -99.90378173440695 7.5
      vertex 161.06093091517687 -99.90378173440695 0.5
      vertex 161.06055711826417 -99.90322171376097 0.5
    endloop
  endfacet
  facet normal 1 0 0
    outer loop
      vertex 158.865234375 -96.61420027166605 -0.5
      vertex 158.865234375 -93.77904554177076 0.5
      vertex 158.865234375 -96.61420027166605 7.5
    endloop
  endfacet
  facet normal 1 0 0
    outer loop
      vertex 158.865234375 -93.3740234375 7.5
      vertex 158.865234375 -93.77904554177076 0.5
      vertex 158.865234375 -93.3740234375 0.5
    endloop
  endfacet
  facet normal -0.34204578454083934 -0.9396832877506345 0
    outer loop
      vertex 159.11092821508646 -102.3861196115613 7.5
      vertex 159.11092821508646 -102.3861196115613 0.5
      vertex 173.25390625 -107.5341796875 0.5
    endloop
  endfacet
  facet normal -0.9396856081286141 0.34203940982868725 0
    outer loop
      vertex 173.25390625 -107.5341796875 7.5
      vertex 173.25390625 -107.5341796875 0.5
      vertex 170.85959342122078 -114.11208048462868 0.5
    endloop
  endfacet
  facet normal 0.34201917331704546 0.9396929738396073 9.741119162492518e-16
    outer loop
      vertex 177.09928972274065 -105.74124819785357 7.5
      vertex 174.28006646261028 -104.7151381431129 0.5
      vertex 161.06093091517687 -99.90378173440695 0.5
    endloop
  endfacet
  facet normal 0 -1 0
    outer loop
      vertex 158.865234375 -93.3740234375 7.5
      vertex 158.865234375 -93.3740234375 0.5
      vertex 175.85000000149012 -93.3740234375 -0.5
    endloop
  endfacet
  facet normal 0.8317418280482513 0.5551626171447005 0
    outer loop
      vertex 158.865234375 -96.61420027166605 -0.5
      vertex 158.865234375 -96.61420027166605 7.5
      vertex 161.06093091517687 -99.90378173440695 7.5
    endloop
  endfacet
  facet normal 0 -1 0
    outer loop
      vertex 175.85000000149012 -93.3740234375 -0.5
      vertex 175.85000000149012 -93.3740234375 7.5
      vertex 158.865234375 -93.3740234375 7.5
    endloop
  endfacet
  facet normal -0.3419993592445942 -0.9397001853124681 0
    outer loop
      vertex 173.130859375 -121.935546875 7.5
      vertex 173.130859375 -121.935546875 0.5
      vertex 190.091796875 -128.1083984375 0.5
    endloop
  endfacet
  facet normal 0.9603482971532377 0.27880306338861643 0
    outer loop
      vertex 175.5874550640583 -119.6371054276824 7.5
      vertex 175.5874550640583 -119.6371054276824 0.5
      vertex 174.01393782485485 -114.21706239499885 0.5
    endloop
  endfacet
  facet normal 0.9603482971498224 0.27880306340038047 0
    outer loop
      vertex 174.01374999433756 -114.21641540527344 7.5
      vertex 174.01393782485485 -114.21706239499885 0.5
      vertex 174.01374999433756 -114.21641540527344 0.5
    endloop
  endfacet
  facet normal 0.9396630008368313 -0.3421015125051644 0
    outer loop
      vertex 174.01374999433756 -114.21641540527344 7.5
      vertex 174.01374999433756 -114.21641540527344 0.5
      vertex 176.07291115673075 -108.56044053719437 0.5
    endloop
  endfacet
  facet normal 0.34199935966208445 0.9397001851605244 0
    outer loop
      vertex 193.93695678561926 -126.31531826406717 7.5
      vertex 193.93695678561926 -126.31531826406717 0.5
      vertex 175.5874550640583 -119.6371054276824 0.5
    endloop
  endfacet
  facet normal 0.939663000836831 -0.34210151250516513 -7.113792091940098e-16
    outer loop
      vertex 177.09928972274065 -105.74124819785357 -0.5
      vertex 174.01374999433756 -114.21641540527344 7.5
      vertex 176.07291115673075 -108.56044053719437 0.5
    endloop
  endfacet
  facet normal 0.3420191733170476 0.9396929738396066 0
    outer loop
      vertex 177.09928972274065 -105.74124819785357 -0.5
      vertex 174.28006646261028 -104.7151381431129 0.5
      vertex 177.09928972274065 -105.74124819785357 7.5
    endloop
  endfacet
  facet normal 0.9396630008368313 -0.3421015125051646 0
    outer loop
      vertex 177.09928972274065 -105.74124819785357 -0.5
      vertex 177.09928972274065 -105.74124819785357 7.5
      vertex 174.01374999433756 -114.21641540527344 7.5
    endloop
  endfacet
  facet normal -0.9603482973195445 -0.27880306281576545 0
    outer loop
      vertex 173.130859375 -121.935546875 7.5
      vertex 170.85959342122078 -114.11208048462868 7.5
      vertex 173.130859375 -121.935546875 0.5
    endloop
  endfacet
  facet normal -0.9396856081286141 0.34203940982868725 0
    outer loop
      vertex 170.85959342122078 -114.11208048462868 7.5
      vertex 173.25390625 -107.5341796875 7.5
      vertex 170.85959342122078 -114.11208048462868 0.5
    endloop
  endfacet
  facet normal 0 0 1
    outer loop
      vertex 173.130859375 -121.935546875 7.5
      vertex 175.5874550640583 -119.6371054276824 7.5
      vertex 170.85959342122078 -114.11208048462868 7.5
    endloop
  endfacet
  facet normal 0 0 1
    outer loop
      vertex 170.85959342122078 -114.11208048462868 7.5
      vertex 175.5874550640583 -119.6371054276824 7.5
      vertex 174.01374999433756 -114.21641540527344 7.5
    endloop
  endfacet
  facet normal 0 0 1
    outer loop
      vertex 170.85959342122078 -114.11208048462868 7.5
      vertex 174.01374999433756 -114.21641540527344 7.5
      vertex 173.25390625 -107.5341796875 7.5
    endloop
  endfacet
  facet normal -0.8317418280063393 -0.5551626172074927 0
    outer loop
      vertex 159.11092821508646 -102.3861196115613 7.5
      vertex 155.865234375 -97.5234375 7.5
      vertex 159.11092821508646 -102.3861196115613 0.5
    endloop
  endfacet
  facet normal -1 0 0
    outer loop
      vertex 155.865234375 -97.5234375 7.5
      vertex 155.865234375 -90.3740234375 7.5
      vertex 155.865234375 -97.5234375 0.5
    endloop
  endfacet
  facet normal 1 0 0
    outer loop
      vertex 158.865234375 -96.61420027166605 7.5
      vertex 158.865234375 -93.77904554177076 0.5
      vertex 158.865234375 -93.3740234375 7.5
    endloop
  endfacet
  facet normal 0.34201917331704584 0.9396929738396071 0
    outer loop
      vertex 161.06093091517687 -99.90378173440695 7.5
      vertex 177.09928972274065 -105.74124819785357 7.5
      vertex 161.06093091517687 -99.90378173440695 0.5
    endloop
  endfacet
  facet normal -0.34204578454083934 -0.9396832877506345 0
    outer loop
      vertex 159.11092821508646 -102.3861196115613 7.5
      vertex 173.25390625 -107.5341796875 0.5
      vertex 173.25390625 -107.5341796875 7.5
    endloop
  endfacet
  facet normal 0 0 1
    outer loop
      vertex 155.865234375 -97.5234375 7.5
      vertex 158.865234375 -96.61420027166605 7.5
      vertex 158.865234375 -93.3740234375 7.5
    endloop
  endfacet
  facet normal 0 0 1
    outer loop
      vertex 155.865234375 -97.5234375 7.5
      vertex 158.865234375 -93.3740234375 7.5
      vertex 155.865234375 -90.3740234375 7.5
    endloop
  endfacet
  facet normal 0 0 1
    outer loop
      vertex 159.11092821508646 -102.3861196115613 7.5
      vertex 161.06093091517687 -99.90378173440695 7.5
      vertex 155.865234375 -97.5234375 7.5
    endloop
  endfacet
  facet normal 0 0 1
    outer loop
      vertex 155.865234375 -97.5234375 7.5
      vertex 161.06093091517687 -99.90378173440695 7.5
      vertex 158.865234375 -96.61420027166605 7.5
    endloop
  endfacet
  facet normal 0 0 1
    outer loop
      vertex 159.11092821508646 -102.3861196115613 7.5
      vertex 173.25390625 -107.5341796875 7.5
      vertex 161.06093091517687 -99.90378173440695 7.5
    endloop
  endfacet
  facet normal 0 0 1
    outer loop
      vertex 161.06093091517687 -99.90378173440695 7.5
      vertex 173.25390625 -107.5341796875 7.5
      vertex 177.09928972274065 -105.74124819785357 7.5
    endloop
  endfacet
  facet normal 0.34199935966208445 0.9397001851605244 0
    outer loop
      vertex 175.5874550640583 -119.6371054276824 7.5
      vertex 193.93695678561926 -126.31531826406717 7.5
      vertex 175.5874550640583 -119.6371054276824 0.5
    endloop
  endfacet
  facet normal 0.9603482971532371 0.27880306338861777 1.1689063497941647e-15
    outer loop
      vertex 175.5874550640583 -119.6371054276824 7.5
      vertex 174.01393782485485 -114.21706239499885 0.5
      vertex 174.01374999433756 -114.21641540527344 7.5
    endloop
  endfacet
  facet normal -0.3419993592445942 -0.9397001853124681 0
    outer loop
      vertex 173.130859375 -121.935546875 7.5
      vertex 190.091796875 -128.1083984375 0.5
      vertex 190.091796875 -128.1083984375 7.5
    endloop
  endfacet
  facet normal 0 0 1
    outer loop
      vertex 173.130859375 -121.935546875 7.5
      vertex 190.091796875 -128.1083984375 7.5
      vertex 175.5874550640583 -119.6371054276824 7.5
    endloop
  endfacet
  facet normal 0 0 1
    outer loop
      vertex 175.5874550640583 -119.6371054276824 7.5
      vertex 190.091796875 -128.1083984375 7.5
      vertex 193.93695678561926 -126.31531826406717 7.5
    endloop
  endfacet
  facet normal 0 0 1
    outer loop
      vertex 173.25390625 -107.5341796875 7.5
      vertex 174.01374999433756 -114.21641540527344 7.5
      vertex 177.09928972274065 -105.74124819785357 7.5
    endloop
  endfacet
  facet normal 0 0 -1
    outer loop
      vertex 116.365234375 -35.0166015625 -2.5
      vertex 116.365234375 -26.4443359375 -2.5
      vertex 120.865234375 -30.5166015625 -2.5
    endloop
  endfacet
  facet normal 0 0 -1
    outer loop
      vertex 116.365234375 -26.4443359375 -2.5
      vertex 120.865234375 -21.9443359375 -2.5
      vertex 120.865234375 -30.5166015625 -2.5
    endloop
  endfacet
  facet normal -1 0 0
    outer loop
      vertex 116.365234375 -35.0166015625 -2.5
      vertex 116.365234375 -26.4443359375 0.5
      vertex 116.365234375 -26.4443359375 -2.5
    endloop
  endfacet
  facet normal 1 0 0
    outer loop
      vertex 120.865234375 -30.5166015625 -2.5
      vertex 120.865234375 -21.9443359375 -2.5
      vertex 120.865234375 -30.5166015625 -0.5
    endloop
  endfacet
  facet normal 0 0 -1
    outer loop
      vertex 116.365234375 -35.0166015625 -2.5
      vertex 120.865234375 -30.5166015625 -2.5
      vertex 135.365234375 -35.0166015625 -2.5
    endloop
  endfacet
  facet normal 0 0 -1
    outer loop
      vertex 120.865234375 -30.5166015625 -2.5
      vertex 139.865234375 -30.5166015625 -2.5
      vertex 135.365234375 -35.0166015625 -2.5
    endloop
  endfacet
  facet normal 0 -1 0
    outer loop
      vertex 116.365234375 -35.0166015625 -2.5
      vertex 135.365234375 -35.0166015625 -2.5
      vertex 116.365234375 -35.0166015625 0.5
    endloop
  endfacet
  facet normal 0 1 0
    outer loop
      vertex 120.865234375 -30.5166015625 -2.5
      vertex 120.865234375 -30.5166015625 -0.5
      vertex 139.865234375 -30.5166015625 -2.5
    endloop
  endfacet
  facet normal -1 0 0
    outer loop
      vertex 116.365234375 -35.0166015625 -2.5
      vertex 116.365234375 -35.0166015625 0.5
      vertex 116.365234375 -26.4443359375 0.5
    endloop
  endfacet
  facet normal 1 0 0
    outer loop
      vertex 120.865234375 -21.9443359375 -2.5
      vertex 120.865234375 -30.5166015625 0.5
      vertex 120.865234375 -30.5166015625 -0.5
    endloop
  endfacet
  facet normal 1 0 0
    outer loop
      vertex 120.865234375 -21.9443359375 -2.5
      vertex 120.865234375 -21.9443359375 -0.5
      vertex 120.865234375 -24.953051297980195 -0.5
    endloop
  endfacet
  facet normal 1 0 0
    outer loop
      vertex 120.865234375 -21.9443359375 -2.5
      vertex 120.865234375 -24.953051297980195 -0.5
      vertex 120.865234375 -30.5166015625 0.5
    endloop
  endfacet
  facet normal 0 0 -1
    outer loop
      vertex 120.88271494954824 -21.9443359375 -0.5
      vertex 120.865234375 -24.953051297980195 -0.5
      vertex 120.865234375 -21.9443359375 -0.5
    endloop
  endfacet
  facet normal 0.9999831224964234 -0.005809881436240329 0
    outer loop
      vertex 120.88271494954824 -21.9443359375 -0.5
      vertex 120.865234375 -24.953051297980195 0.5
      vertex 120.865234375 -24.953051297980195 -0.5
    endloop
  endfacet
  facet normal 0 1 0
    outer loop
      vertex 120.88271494954824 -21.9443359375 -0.5
      vertex 120.865234375 -21.9443359375 -0.5
      vertex 120.865234375 -21.9443359375 0.5
    endloop
  endfacet
  facet normal 0 -1 0
    outer loop
      vertex 135.365234375 -35.0166015625 -2.5
      vertex 135.365234375 -35.0166015625 0.5
      vertex 116.365234375 -35.0166015625 0.5
    endloop
  endfacet
  facet normal 0 1 0
    outer loop
      vertex 139.865234375 -30.5166015625 -0.5
      vertex 120.865234375 -30.5166015625 -0.5
      vertex 120.865234375 -30.5166015625 0.5
    endloop
  endfacet
  facet normal 0 0 -1
    outer loop
      vertex 135.365234375 -35.0166015625 -2.5
      vertex 139.865234375 -30.5166015625 -2.5
      vertex 139.865234375 -33.3740234375 -2.5
    endloop
  endfacet
  facet normal -1 0 0
    outer loop
      vertex 135.365234375 -37.8740234375 -2.5
      vertex 135.365234375 -35.0166015625 0.5
      vertex 135.365234375 -35.0166015625 -2.5
    endloop
  endfacet
  facet normal 1 0 0
    outer loop
      vertex 139.865234375 -33.3740234375 -2.5
      vertex 139.865234375 -30.5166015625 -2.5
      vertex 139.865234375 -30.5166015625 -0.5
    endloop
  endfacet
  facet normal 0 0 -1
    outer loop
      vertex 135.365234375 -37.8740234375 -2.5
      vertex 135.365234375 -35.0166015625 -2.5
      vertex 178.85000000149012 -37.8740234375 -2.5
    endloop
  endfacet
  facet normal 0 0 -1
    outer loop
      vertex 135.365234375 -35.0166015625 -2.5
      vertex 139.865234375 -33.3740234375 -2.5
      vertex 178.85000000149012 -37.8740234375 -2.5
    endloop
  endfacet
  facet normal 0 -1 0
    outer loop
      vertex 135.365234375 -37.8740234375 -2.5
      vertex 178.85000000149012 -37.8740234375 -2.5
      vertex 135.365234375 -37.8740234375 0.5
    endloop
  endfacet
  facet normal 0 1 0
    outer loop
      vertex 139.865234375 -33.3740234375 -2.5
      vertex 139.865234375 -33.3740234375 -0.5
      vertex 139.86817517131567 -33.3740234375 -0.5
    endloop
  endfacet
  facet normal 1 0 0
    outer loop
      vertex 139.865234375 -33.3740234375 -2.5
      vertex 139.865234375 -30.5166015625 -0.5
      vertex 139.865234375 -33.3740234375 -0.5
    endloop
  endfacet
  facet normal -1 0 0
    outer loop
      vertex 135.365234375 -37.8740234375 -2.5
      vertex 135.365234375 -37.8740234375 0.5
      vertex 135.365234375 -35.0166015625 0.5
    endloop
  endfacet
  facet normal 0 0 -1
    outer loop
      vertex 139.86817517131567 -33.3740234375 -0.5
      vertex 139.865234375 -33.3740234375 -0.5
      vertex 139.865234375 -30.5166015625 -0.5
    endloop
  endfacet
  facet normal 0 0 -1
    outer loop
      vertex 139.91797985881567 -30.5166015625 -0.5
      vertex 139.86817517131567 -33.3740234375 -0.5
      vertex 139.865234375 -30.5166015625 -0.5
    endloop
  endfacet
  facet normal 0.9998481332245297 -0.01742729145401607 0
    outer loop
      vertex 139.91797985881567 -30.5166015625 -0.5
      vertex 139.86817517131567 -33.3740234375 0.5
      vertex 139.86817517131567 -33.3740234375 -0.5
    endloop
  endfacet
  facet normal 0 1 0
    outer loop
      vertex 139.865234375 -30.5166015625 -2.5
      vertex 120.865234375 -30.5166015625 -0.5
      vertex 139.865234375 -30.5166015625 -0.5
    endloop
  endfacet
  facet normal 0 1 0
    outer loop
      vertex 139.91797985881567 -30.5166015625 -0.5
      vertex 139.865234375 -30.5166015625 -0.5
      vertex 120.865234375 -30.5166015625 0.5
    endloop
  endfacet
  facet normal 0 1 0
    outer loop
      vertex 139.865234375 -33.3740234375 -2.5
      vertex 139.86817517131567 -33.3740234375 -0.5
      vertex 178.85000000149012 -33.3740234375 0.5
    endloop
  endfacet
  facet normal 0 0 1
    outer loop
      vertex 116.365234375 -35.0166015625 0.5
      vertex 117.865234375 -33.5166015625 0.5
      vertex 116.365234375 -26.4443359375 0.5
    endloop
  endfacet
  facet normal 0 0 1
    outer loop
      vertex 116.365234375 -26.4443359375 0.5
      vertex 117.865234375 -33.5166015625 0.5
      vertex 117.865234375 -24.9443359375 0.5
    endloop
  endfacet
  facet normal 1 0 0
    outer loop
      vertex 120.865234375 -24.953051297980195 -0.5
      vertex 120.865234375 -24.953051297980195 0.5
      vertex 120.865234375 -30.5166015625 0.5
    endloop
  endfacet
  facet normal 0 0 1
    outer loop
      vertex 120.83291026204824 -30.5166015625 0.5
      vertex 120.865234375 -30.5166015625 0.5
      vertex 120.865234375 -24.953051297980195 0.5
    endloop
  endfacet
  facet normal 0 0 1
    outer loop
      vertex 116.365234375 -35.0166015625 0.5
      vertex 136.865234375 -33.5166015625 0.5
      vertex 117.865234375 -33.5166015625 0.5
    endloop
  endfacet
  facet normal 0 0 1
    outer loop
      vertex 116.365234375 -35.0166015625 0.5
      vertex 135.365234375 -35.0166015625 0.5
      vertex 136.865234375 -33.5166015625 0.5
    endloop
  endfacet
  facet normal 0 0 1
    outer loop
      vertex 135.365234375 -37.8740234375 0.5
      vertex 136.865234375 -36.3740234375 0.5
      vertex 135.365234375 -35.0166015625 0.5
    endloop
  endfacet
  facet normal 0 0 1
    outer loop
      vertex 135.365234375 -35.0166015625 0.5
      vertex 136.865234375 -36.3740234375 0.5
      vertex 136.865234375 -33.5166015625 0.5
    endloop
  endfacet
  facet normal 0 0 1
    outer loop
      vertex 135.365234375 -37.8740234375 0.5
      vertex 178.85000000149012 -36.3740234375 0.5
      vertex 136.865234375 -36.3740234375 0.5
    endloop
  endfacet
  facet normal 0 1 0
    outer loop
      vertex 139.86817517131567 -33.3740234375 -0.5
      vertex 139.86817517131567 -33.3740234375 0.5
      vertex 178.85000000149012 -33.3740234375 0.5
    endloop
  endfacet
  facet normal 0 0 -1
    outer loop
      vertex 158.865234375 -93.3740234375 -2.5
      vertex 154.365234375 -88.8740234375 -2.5
      vertex 175.85000000149012 -88.8740234375 -2.5
    endloop
  endfacet
  facet normal -1 0 0
    outer loop
      vertex 154.365234375 -97.97805611044168 -2.5
      vertex 154.365234375 -88.8740234375 0.5
      vertex 154.365234375 -88.8740234375 -2.5
    endloop
  endfacet
  facet normal 0 0 -1
    outer loop
      vertex 158.865234375 -93.3740234375 -2.5
      vertex 175.85000000149012 -88.8740234375 -2.5
      vertex 175.85000000149012 -93.3740234375 -2.5
    endloop
  endfacet
  facet normal 0 1 0
    outer loop
      vertex 154.365234375 -88.8740234375 -2.5
      vertex 175.85000000149012 -88.8740234375 0.5
      vertex 175.85000000149012 -88.8740234375 -2.5
    endloop
  endfacet
  facet normal 0 1 0
    outer loop
      vertex 154.365234375 -88.8740234375 -2.5
      vertex 154.365234375 -88.8740234375 0.5
      vertex 175.85000000149012 -88.8740234375 0.5
    endloop
  endfacet
  facet normal 1 0 0
    outer loop
      vertex 175.85000000149012 -93.3740234375 -2.5
      vertex 175.85000000149012 -88.8740234375 -2.5
      vertex 175.85000000149012 -90.3740234375 -0.5
    endloop
  endfacet
  facet normal 1 0 0
    outer loop
      vertex 175.85000000149012 -93.3740234375 -2.5
      vertex 175.85000000149012 -90.3740234375 -0.5
      vertex 175.85000000149012 -93.3740234375 -0.5
    endloop
  endfacet
  facet normal 1 0 0
    outer loop
      vertex 175.85000000149012 -88.8740234375 -2.5
      vertex 175.85000000149012 -88.8740234375 0.5
      vertex 175.85000000149012 -90.3740234375 -0.5
    endloop
  endfacet
  facet normal 0 0 1
    outer loop
      vertex 154.365234375 -88.8740234375 0.5
      vertex 155.865234375 -97.5234375 0.5
      vertex 155.865234375 -90.3740234375 0.5
    endloop
  endfacet
  facet normal 0 0 1
    outer loop
      vertex 154.365234375 -88.8740234375 0.5
      vertex 155.865234375 -90.3740234375 0.5
      vertex 175.85000000149012 -88.8740234375 0.5
    endloop
  endfacet
  facet normal 0 0 1
    outer loop
      vertex 175.85000000149012 -88.8740234375 0.5
      vertex 155.865234375 -90.3740234375 0.5
      vertex 175.85000000149012 -90.3740234375 0.5
    endloop
  endfacet
  facet normal 1 0 0
    outer loop
      vertex 175.85000000149012 -88.8740234375 0.5
      vertex 175.85000000149012 -90.3740234375 0.5
      vertex 175.85000000149012 -90.3740234375 -0.5
    endloop
  endfacet
  facet normal 1 0 0
    outer loop
      vertex 175.85000000149012 -93.3740234375 -0.5
      vertex 175.85000000149012 -90.3740234375 -0.5
      vertex 175.85000000149012 -93.3740234375 7.5
    endloop
  endfacet
  facet normal 0 0 -1
    outer loop
      vertex 139.865234375 -33.3740234375 -2.5
      vertex 178.85000000149012 -33.3740234375 -2.5
      vertex 178.85000000149012 -37.8740234375 -2.5
    endloop
  endfacet
  facet normal 0 1 0
    outer loop
      vertex 139.865234375 -33.3740234375 -2.5
      vertex 178.85000000149012 -33.3740234375 -0.5
      vertex 178.85000000149012 -33.3740234375 -2.5
    endloop
  endfacet
  facet normal 0 1 0
    outer loop
      vertex 139.865234375 -33.3740234375 -2.5
      vertex 178.85000000149012 -33.3740234375 0.5
      vertex 178.85000000149012 -33.3740234375 -0.5
    endloop
  endfacet
  facet normal 0 -1 0
    outer loop
      vertex 178.85000000149012 -37.8740234375 -2.5
      vertex 178.85000000149012 -37.8740234375 0.5
      vertex 135.365234375 -37.8740234375 0.5
    endloop
  endfacet
  facet normal 1 0 0
    outer loop
      vertex 178.85000000149012 -37.8740234375 -2.5
      vertex 178.85000000149012 -33.3740234375 -2.5
      vertex 178.85000000149012 -36.3740234375 -0.5
    endloop
  endfacet
  facet normal 1 0 0
    outer loop
      vertex 178.85000000149012 -37.8740234375 -2.5
      vertex 178.85000000149012 -36.3740234375 -0.5
      vertex 178.85000000149012 -37.8740234375 0.5
    endloop
  endfacet
  facet normal 1 0 0
    outer loop
      vertex 178.85000000149012 -33.3740234375 -2.5
      vertex 178.85000000149012 -33.3740234375 -0.5
      vertex 178.85000000149012 -36.3740234375 -0.5
    endloop
  endfacet
  facet normal 1 0 0
    outer loop
      vertex 178.85000000149012 -36.3740234375 -0.5
      vertex 178.85000000149012 -33.3740234375 -0.5
      vertex 178.85000000149012 -36.3740234375 0.5
    endloop
  endfacet
  facet normal 0 0 1
    outer loop
      vertex 135.365234375 -37.8740234375 0.5
      vertex 178.85000000149012 -37.8740234375 0.5
      vertex 178.85000000149012 -36.3740234375 0.5
    endloop
  endfacet
  facet normal 1 0 0
    outer loop
      vertex 178.85000000149012 -37.8740234375 0.5
      vertex 178.85000000149012 -36.3740234375 -0.5
      vertex 178.85000000149012 -36.3740234375 0.5
    endloop
  endfacet
  facet normal -1 0 0
    outer loop
      vertex 117.865234375 -24.9443359375 7.5
      vertex 117.865234375 -24.9443359375 0.5
      vertex 117.865234375 -33.5166015625 0.5
    endloop
  endfacet
  facet normal 0 1 0
    outer loop
      vertex 120.83291026204824 -30.5166015625 7.5
      vertex 120.865234375 -30.5166015625 0.5
      vertex 120.83291026204824 -30.5166015625 0.5
    endloop
  endfacet
  facet normal 0.9999831224964234 -0.005809881436240327 0
    outer loop
      vertex 120.83291026204824 -30.5166015625 7.5
      vertex 120.83291026204824 -30.5166015625 0.5
      vertex 120.865234375 -24.953051297980195 0.5
    endloop
  endfacet
  facet normal 0.9999831224964233 -0.00580988143624033 -3.581891752592823e-18
    outer loop
      vertex 120.88271494954824 -21.9443359375 -0.5
      vertex 120.83291026204824 -30.5166015625 7.5
      vertex 120.865234375 -24.953051297980195 0.5
    endloop
  endfacet
  facet normal 0 1 0
    outer loop
      vertex 120.88271494954824 -21.9443359375 -0.5
      vertex 120.865234375 -21.9443359375 0.5
      vertex 120.88271494954824 -21.9443359375 7.5
    endloop
  endfacet
  facet normal 0 -1 0
    outer loop
      vertex 117.865234375 -33.5166015625 7.5
      vertex 117.865234375 -33.5166015625 0.5
      vertex 136.865234375 -33.5166015625 0.5
    endloop
  endfacet
  facet normal 0.9999831224964234 -0.005809881436240328 0
    outer loop
      vertex 120.88271494954824 -21.9443359375 -0.5
      vertex 120.88271494954824 -21.9443359375 7.5
      vertex 120.83291026204824 -30.5166015625 7.5
    endloop
  endfacet
  facet normal -1 0 0
    outer loop
      vertex 136.865234375 -33.5166015625 7.5
      vertex 136.865234375 -33.5166015625 0.5
      vertex 136.865234375 -36.3740234375 0.5
    endloop
  endfacet
  facet normal 0.9998481332245296 -0.017427291454016065 0
    outer loop
      vertex 139.91797985881567 -30.5166015625 -0.5
      vertex 139.86817517131567 -33.3740234375 7.5
      vertex 139.86817517131567 -33.3740234375 0.5
    endloop
  endfacet
  facet normal 0 1 0
    outer loop
      vertex 139.91797985881567 -30.5166015625 -0.5
      vertex 120.865234375 -30.5166015625 0.5
      vertex 139.91797985881567 -30.5166015625 7.5
    endloop
  endfacet
  facet normal 0 -1 0
    outer loop
      vertex 136.865234375 -36.3740234375 7.5
      vertex 136.865234375 -36.3740234375 0.5
      vertex 178.85000000149012 -36.3740234375 0.5
    endloop
  endfacet
  facet normal 0.9998481332245297 -0.01742729145401607 0
    outer loop
      vertex 139.91797985881567 -30.5166015625 -0.5
      vertex 139.91797985881567 -30.5166015625 7.5
      vertex 139.86817517131567 -33.3740234375 7.5
    endloop
  endfacet
  facet normal -1 0 0
    outer loop
      vertex 117.865234375 -33.5166015625 7.5
      vertex 117.865234375 -24.9443359375 7.5
      vertex 117.865234375 -33.5166015625 0.5
    endloop
  endfacet
  facet normal 0 -1 0
    outer loop
      vertex 117.865234375 -33.5166015625 7.5
      vertex 136.865234375 -33.5166015625 0.5
      vertex 136.865234375 -33.5166015625 7.5
    endloop
  endfacet
  facet normal 0 1 0
    outer loop
      vertex 120.83291026204824 -30.5166015625 7.5
      vertex 139.91797985881567 -30.5166015625 7.5
      vertex 120.865234375 -30.5166015625 0.5
    endloop
  endfacet
  facet normal 0 0 1
    outer loop
      vertex 117.865234375 -33.5166015625 7.5
      vertex 120.83291026204824 -30.5166015625 7.5
      vertex 117.865234375 -24.9443359375 7.5
    endloop
  endfacet
  facet normal 0 0 1
    outer loop
      vertex 120.83291026204824 -30.5166015625 7.5
      vertex 120.88271494954824 -21.9443359375 7.5
      vertex 117.865234375 -24.9443359375 7.5
    endloop
  endfacet
  facet normal 0 0 1
    outer loop
      vertex 117.865234375 -33.5166015625 7.5
      vertex 136.865234375 -33.5166015625 7.5
      vertex 120.83291026204824 -30.5166015625 7.5
    endloop
  endfacet
  facet normal 0 0 1
    outer loop
      vertex 120.83291026204824 -30.5166015625 7.5
      vertex 136.865234375 -33.5166015625 7.5
      vertex 139.91797985881567 -30.5166015625 7.5
    endloop
  endfacet
  facet normal -1 0 0
    outer loop
      vertex 136.865234375 -36.3740234375 7.5
      vertex 136.865234375 -33.5166015625 7.5
      vertex 136.865234375 -36.3740234375 0.5
    endloop
  endfacet
  facet normal 0 1 0
    outer loop
      vertex 139.86817517131567 -33.3740234375 7.5
      vertex 178.85000000149012 -33.3740234375 7.5
      vertex 139.86817517131567 -33.3740234375 0.5
    endloop
  endfacet
  facet normal 0 0 1
    outer loop
      vertex 136.865234375 -36.3740234375 7.5
      vertex 139.86817517131567 -33.3740234375 7.5
      vertex 136.865234375 -33.5166015625 7.5
    endloop
  endfacet
  facet normal 0 0 1
    outer loop
      vertex 136.865234375 -33.5166015625 7.5
      vertex 139.86817517131567 -33.3740234375 7.5
      vertex 139.91797985881567 -30.5166015625 7.5
    endloop
  endfacet
  facet normal 0 0 1
    outer loop
      vertex 136.865234375 -36.3740234375 7.5
      vertex 178.85000000149012 -36.3740234375 7.5
      vertex 139.86817517131567 -33.3740234375 7.5
    endloop
  endfacet
  facet normal -1 0 0
    outer loop
      vertex 155.865234375 -90.3740234375 7.5
      vertex 155.865234375 -90.3740234375 0.5
      vertex 155.865234375 -97.5234375 0.5
    endloop
  endfacet
  facet normal 0 1 0
    outer loop
      vertex 175.85000000149012 -90.3740234375 7.5
      vertex 175.85000000149012 -90.3740234375 0.5
      vertex 155.865234375 -90.3740234375 0.5
    endloop
  endfacet
  facet normal 1 0 0
    outer loop
      vertex 175.85000000149012 -93.3740234375 7.5
      vertex 175.85000000149012 -90.3740234375 -0.5
      vertex 175.85000000149012 -90.3740234375 0.5
    endloop
  endfacet
  facet normal 0 1 0
    outer loop
      vertex 155.865234375 -90.3740234375 7.5
      vertex 175.85000000149012 -90.3740234375 7.5
      vertex 155.865234375 -90.3740234375 0.5
    endloop
  endfacet
  facet normal 0 0 1
    outer loop
      vertex 158.865234375 -93.3740234375 7.5
      vertex 175.85000000149012 -90.3740234375 7.5
      vertex 155.865234375 -90.3740234375 7.5
    endloop
  endfacet
  facet normal 0 0 1
    outer loop
      vertex 158.865234375 -93.3740234375 7.5
      vertex 175.85000000149012 -93.3740234375 7.5
      vertex 175.85000000149012 -90.3740234375 7.5
    endloop
  endfacet
  facet normal 1 0 0
    outer loop
      vertex 175.85000000149012 -93.3740234375 7.5
      vertex 175.85000000149012 -90.3740234375 0.5
      vertex 175.85000000149012 -90.3740234375 7.5
    endloop
  endfacet
  facet normal 0 1 0
    outer loop
      vertex 178.85000000149012 -33.3740234375 7.5
      vertex 178.85000000149012 -33.3740234375 0.5
      vertex 139.86817517131567 -33.3740234375 0.5
    endloop
  endfacet
  facet normal 1 0 0
    outer loop
      vertex 178.85000000149012 -33.3740234375 -0.5
      vertex 178.85000000149012 -36.3740234375 7.5
      vertex 178.85000000149012 -36.3740234375 0.5
    endloop
  endfacet
  facet normal 1 0 0
    outer loop
      vertex 178.85000000149012 -36.3740234375 7.5
      vertex 178.85000000149012 -33.3740234375 -0.5
      vertex 178.85000000149012 -33.3740234375 0.5
    endloop
  endfacet
  facet normal 0 -1 0
    outer loop
      vertex 136.865234375 -36.3740234375 7.5
      vertex 178.85000000149012 -36.3740234375 0.5
      vertex 178.85000000149012 -36.3740234375 7.5
    endloop
  endfacet
  facet normal 0 0 1
    outer loop
      vertex 139.86817517131567 -33.3740234375 7.5
      vertex 178.85000000149012 -36.3740234375 7.5
      vertex 178.85000000149012 -33.3740234375 7.5
    endloop
  endfacet
  facet normal 1 0 0
    outer loop
      vertex 178.85000000149012 -33.3740234375 0.5
      vertex 178.85000000149012 -33.3740234375 7.5
      vertex 178.85000000149012 -36.3740234375 7.5
    endloop
  endfacet
endsolid OpenSCAD_Model
